strName,strDistrict,strState,chrStatus
690103,ALAPPUZHA,KERALA,N
688565,ALAPPUZHA,KERALA,N
688002,ALAPPUZHA,KERALA,N
688007,ALAPPUZHA,KERALA,N
688012,ALAPPUZHA,KERALA,N
688001,ALAPPUZHA,KERALA,N
688011,ALAPPUZHA,KERALA,N
688001,ALAPPUZHA,KERALA,N
688011,ALAPPUZHA,KERALA,N
688005,ALAPPUZHA,KERALA,N
688011,ALAPPUZHA,KERALA,N
688561,ALAPPUZHA,KERALA,N
688006,ALAPPUZHA,KERALA,N
688011,ALAPPUZHA,KERALA,N
688561,ALAPPUZHA,KERALA,N
688005,ALAPPUZHA,KERALA,N
688522,ALAPPUZHA,KERALA,N
688005,ALAPPUZHA,KERALA,N
688007,ALAPPUZHA,KERALA,N
688564,ALAPPUZHA,KERALA,N
688546,ALAPPUZHA,KERALA,N
688006,ALAPPUZHA,KERALA,N
688007,ALAPPUZHA,KERALA,N
688006,ALAPPUZHA,KERALA,N
688011,ALAPPUZHA,KERALA,N
688538,ALAPPUZHA,KERALA,N
688521,ALAPPUZHA,KERALA,N
688009,ALAPPUZHA,KERALA,N
688567,ALAPPUZHA,KERALA,N
688538,ALAPPUZHA,KERALA,N
688014,ALAPPUZHA,KERALA,N
688004,ALAPPUZHA,KERALA,N
690551,ALAPPUZHA,KERALA,N
688003,ALAPPUZHA,KERALA,N
688013,ALAPPUZHA,KERALA,N
688563,ALAPPUZHA,KERALA,N
688008,ALAPPUZHA,KERALA,N
688003,ALAPPUZHA,KERALA,N
688002,ALAPPUZHA,KERALA,N
688006,ALAPPUZHA,KERALA,N
688005,ALAPPUZHA,KERALA,N
688013,ALAPPUZHA,KERALA,N
689126,ALAPPUZHA,KERALA,N
689122,ALAPPUZHA,KERALA,N
689505,ALAPPUZHA,KERALA,N
689510,ALAPPUZHA,KERALA,N
689121,ALAPPUZHA,KERALA,N
689121,ALAPPUZHA,KERALA,N
689511,ALAPPUZHA,KERALA,N
689123,ALAPPUZHA,KERALA,N
689511,ALAPPUZHA,KERALA,N
689624,ALAPPUZHA,KERALA,N
689109,ALAPPUZHA,KERALA,N
689622,ALAPPUZHA,KERALA,N
689124,ALAPPUZHA,KERALA,N
689504,ALAPPUZHA,KERALA,N
689508,ALAPPUZHA,KERALA,N
690509,ALAPPUZHA,KERALA,N
689504,ALAPPUZHA,KERALA,N
689521,ALAPPUZHA,KERALA,N
689625,ALAPPUZHA,KERALA,N
689508,ALAPPUZHA,KERALA,N
689622,ALAPPUZHA,KERALA,N
689505,ALAPPUZHA,KERALA,N
689124,ALAPPUZHA,KERALA,N
689508,ALAPPUZHA,KERALA,N
690510,ALAPPUZHA,KERALA,N
689124,ALAPPUZHA,KERALA,N
689622,ALAPPUZHA,KERALA,N
689520,ALAPPUZHA,KERALA,N
689505,ALAPPUZHA,KERALA,N
689624,ALAPPUZHA,KERALA,N
689126,ALAPPUZHA,KERALA,N
689122,ALAPPUZHA,KERALA,N
689520,ALAPPUZHA,KERALA,N
689510,ALAPPUZHA,KERALA,N
689509,ALAPPUZHA,KERALA,N
689123,ALAPPUZHA,KERALA,N
689511,ALAPPUZHA,KERALA,N
689109,ALAPPUZHA,KERALA,N
689125,ALAPPUZHA,KERALA,N
689509,ALAPPUZHA,KERALA,N
688531,ALAPPUZHA,KERALA,N
688535,ALAPPUZHA,KERALA,N
688530,ALAPPUZHA,KERALA,N
688547,ALAPPUZHA,KERALA,N
688524,ALAPPUZHA,KERALA,N
688524,ALAPPUZHA,KERALA,N
688552,ALAPPUZHA,KERALA,N
688530,ALAPPUZHA,KERALA,N
688587,ALAPPUZHA,KERALA,N
688548,ALAPPUZHA,KERALA,N
688550,ALAPPUZHA,KERALA,N
688529,ALAPPUZHA,KERALA,N
688524,ALAPPUZHA,KERALA,N
688544,ALAPPUZHA,KERALA,N
688527,ALAPPUZHA,KERALA,N
688527,ALAPPUZHA,KERALA,N
688556,ALAPPUZHA,KERALA,N
688583,ALAPPUZHA,KERALA,N
688539,ALAPPUZHA,KERALA,N
688533,ALAPPUZHA,KERALA,N
688558,ALAPPUZHA,KERALA,N
688549,ALAPPUZHA,KERALA,N
688545,ALAPPUZHA,KERALA,N
688539,ALAPPUZHA,KERALA,N
688525,ALAPPUZHA,KERALA,N
688527,ALAPPUZHA,KERALA,N
688559,ALAPPUZHA,KERALA,N
688526,ALAPPUZHA,KERALA,N
688541,ALAPPUZHA,KERALA,N
688584,ALAPPUZHA,KERALA,N
688566,ALAPPUZHA,KERALA,N
688540,ALAPPUZHA,KERALA,N
688531,ALAPPUZHA,KERALA,N
688570,ALAPPUZHA,KERALA,N
688526,ALAPPUZHA,KERALA,N
688523,ALAPPUZHA,KERALA,N
688582,ALAPPUZHA,KERALA,N
688554,ALAPPUZHA,KERALA,N
688527,ALAPPUZHA,KERALA,N
688540,ALAPPUZHA,KERALA,N
688557,ALAPPUZHA,KERALA,N
688532,ALAPPUZHA,KERALA,N
688532,ALAPPUZHA,KERALA,N
688528,ALAPPUZHA,KERALA,N
688581,ALAPPUZHA,KERALA,N
688535,ALAPPUZHA,KERALA,N
688532,ALAPPUZHA,KERALA,N
688543,ALAPPUZHA,KERALA,N
688555,ALAPPUZHA,KERALA,N
688536,ALAPPUZHA,KERALA,N
688587,ALAPPUZHA,KERALA,N
688534,ALAPPUZHA,KERALA,N
690517,ALAPPUZHA,KERALA,N
690513,ALAPPUZHA,KERALA,N
690515,ALAPPUZHA,KERALA,N
690565,ALAPPUZHA,KERALA,N
690517,ALAPPUZHA,KERALA,N
690507,ALAPPUZHA,KERALA,N
690563,ALAPPUZHA,KERALA,N
690532,ALAPPUZHA,KERALA,N
690506,ALAPPUZHA,KERALA,N
690516,ALAPPUZHA,KERALA,N
690564,ALAPPUZHA,KERALA,N
690553,ALAPPUZHA,KERALA,N
690527,ALAPPUZHA,KERALA,N
690514,ALAPPUZHA,KERALA,N
690535,ALAPPUZHA,KERALA,N
690572,ALAPPUZHA,KERALA,N
690516,ALAPPUZHA,KERALA,N
690517,ALAPPUZHA,KERALA,N
690502,ALAPPUZHA,KERALA,N
690502,ALAPPUZHA,KERALA,N
690508,ALAPPUZHA,KERALA,N
690533,ALAPPUZHA,KERALA,N
690548,ALAPPUZHA,KERALA,N
690555,ALAPPUZHA,KERALA,N
690515,ALAPPUZHA,KERALA,N
690550,ALAPPUZHA,KERALA,N
690560,ALAPPUZHA,KERALA,N
690506,ALAPPUZHA,KERALA,N
690511,ALAPPUZHA,KERALA,N
690512,ALAPPUZHA,KERALA,N
690513,ALAPPUZHA,KERALA,N
690515,ALAPPUZHA,KERALA,N
690512,ALAPPUZHA,KERALA,N
690517,ALAPPUZHA,KERALA,N
690552,ALAPPUZHA,KERALA,N
690531,ALAPPUZHA,KERALA,N
690556,ALAPPUZHA,KERALA,N
690559,ALAPPUZHA,KERALA,N
690531,ALAPPUZHA,KERALA,N
690527,ALAPPUZHA,KERALA,N
690514,ALAPPUZHA,KERALA,N
690549,ALAPPUZHA,KERALA,N
690515,ALAPPUZHA,KERALA,N
690566,ALAPPUZHA,KERALA,N
690535,ALAPPUZHA,KERALA,N
690514,ALAPPUZHA,KERALA,N
689122,ALAPPUZHA,KERALA,N
689577,ALAPPUZHA,KERALA,N
689576,ALAPPUZHA,KERALA,N
688505,ALAPPUZHA,KERALA,N
688505,ALAPPUZHA,KERALA,N
689579,ALAPPUZHA,KERALA,N
688502,ALAPPUZHA,KERALA,N
688505,ALAPPUZHA,KERALA,N
688501,ALAPPUZHA,KERALA,N
688506,ALAPPUZHA,KERALA,N
688506,ALAPPUZHA,KERALA,N
688562,ALAPPUZHA,KERALA,N
686534,ALAPPUZHA,KERALA,N
686534,ALAPPUZHA,KERALA,N
688501,ALAPPUZHA,KERALA,N
688501,ALAPPUZHA,KERALA,N
688504,ALAPPUZHA,KERALA,N
688504,ALAPPUZHA,KERALA,N
689571,ALAPPUZHA,KERALA,N
688506,ALAPPUZHA,KERALA,N
688506,ALAPPUZHA,KERALA,N
688506,ALAPPUZHA,KERALA,N
688504,ALAPPUZHA,KERALA,N
688562,ALAPPUZHA,KERALA,N
688562,ALAPPUZHA,KERALA,N
689575,ALAPPUZHA,KERALA,N
688501,ALAPPUZHA,KERALA,N
688502,ALAPPUZHA,KERALA,N
688503,ALAPPUZHA,KERALA,N
688506,ALAPPUZHA,KERALA,N
688508,ALAPPUZHA,KERALA,N
686534,ALAPPUZHA,KERALA,N
689571,ALAPPUZHA,KERALA,N
688503,ALAPPUZHA,KERALA,N
688504,ALAPPUZHA,KERALA,N
688505,ALAPPUZHA,KERALA,N
688504,ALAPPUZHA,KERALA,N
688504,ALAPPUZHA,KERALA,N
689595,ALAPPUZHA,KERALA,N
688562,ALAPPUZHA,KERALA,N
689572,ALAPPUZHA,KERALA,N
689722,ALAPPUZHA,KERALA,N
688501,ALAPPUZHA,KERALA,N
689595,ALAPPUZHA,KERALA,N
689573,ALAPPUZHA,KERALA,N
686107,ALAPPUZHA,KERALA,N
689595,ALAPPUZHA,KERALA,N
686103,ALAPPUZHA,KERALA,N
686102,ALAPPUZHA,KERALA,N
689598,ALAPPUZHA,KERALA,N
689571,ALAPPUZHA,KERALA,N
689721,ALAPPUZHA,KERALA,N
689723,ALAPPUZHA,KERALA,N
689590,ALAPPUZHA,KERALA,N
689590,ALAPPUZHA,KERALA,N
689590,ALAPPUZHA,KERALA,N
688542,ALAPPUZHA,KERALA,N
690110,ALAPPUZHA,KERALA,N
690504,ALAPPUZHA,KERALA,N
689515,ALAPPUZHA,KERALA,N
690541,ALAPPUZHA,KERALA,N
690505,ALAPPUZHA,KERALA,N
690105,ALAPPUZHA,KERALA,N
690105,ALAPPUZHA,KERALA,N
690104,ALAPPUZHA,KERALA,N
690106,ALAPPUZHA,KERALA,N
690534,ALAPPUZHA,KERALA,N
690108,ALAPPUZHA,KERALA,N
690106,ALAPPUZHA,KERALA,N
690104,ALAPPUZHA,KERALA,N
690503,ALAPPUZHA,KERALA,N
690501,ALAPPUZHA,KERALA,N
690570,ALAPPUZHA,KERALA,N
690110,ALAPPUZHA,KERALA,N
690103,ALAPPUZHA,KERALA,N
690106,ALAPPUZHA,KERALA,N
690505,ALAPPUZHA,KERALA,N
690533,ALAPPUZHA,KERALA,N
690109,ALAPPUZHA,KERALA,N
690503,ALAPPUZHA,KERALA,N
690505,ALAPPUZHA,KERALA,N
689512,ALAPPUZHA,KERALA,N
690108,ALAPPUZHA,KERALA,N
690558,ALAPPUZHA,KERALA,N
690101,ALAPPUZHA,KERALA,N
690101,ALAPPUZHA,KERALA,N
690101,ALAPPUZHA,KERALA,N
689627,ALAPPUZHA,KERALA,N
690533,ALAPPUZHA,KERALA,N
690504,ALAPPUZHA,KERALA,N
690571,ALAPPUZHA,KERALA,N
690529,ALAPPUZHA,KERALA,N
690107,ALAPPUZHA,KERALA,N
690503,ALAPPUZHA,KERALA,N
690504,ALAPPUZHA,KERALA,N
690503,ALAPPUZHA,KERALA,N
690504,ALAPPUZHA,KERALA,N
690529,ALAPPUZHA,KERALA,N
690504,ALAPPUZHA,KERALA,N
690103,ALAPPUZHA,KERALA,N
690537,ALAPPUZHA,KERALA,N
690101,ALAPPUZHA,KERALA,N
690501,ALAPPUZHA,KERALA,N
690102,ALAPPUZHA,KERALA,N
690530,ALAPPUZHA,KERALA,N
690534,ALAPPUZHA,KERALA,N
690103,ALAPPUZHA,KERALA,N
690102,ALAPPUZHA,KERALA,N
690107,ALAPPUZHA,KERALA,N
690105,ALAPPUZHA,KERALA,N
690104,ALAPPUZHA,KERALA,N
690501,ALAPPUZHA,KERALA,N
690107,ALAPPUZHA,KERALA,N
690505,ALAPPUZHA,KERALA,N
690503,ALAPPUZHA,KERALA,N
690557,ALAPPUZHA,KERALA,N
690106,ALAPPUZHA,KERALA,N
683579,ERNAKULAM,KERALA,N
683101,ERNAKULAM,KERALA,N
683101,ERNAKULAM,KERALA,N
683101,ERNAKULAM,KERALA,N
683101,ERNAKULAM,KERALA,N
683581,ERNAKULAM,KERALA,N
683572,ERNAKULAM,KERALA,N
683573,ERNAKULAM,KERALA,N
683585,ERNAKULAM,KERALA,N
683581,ERNAKULAM,KERALA,N
683577,ERNAKULAM,KERALA,N
683571,ERNAKULAM,KERALA,N
683581,ERNAKULAM,KERALA,N
683102,ERNAKULAM,KERALA,N
683564,ERNAKULAM,KERALA,N
683561,ERNAKULAM,KERALA,N
683572,ERNAKULAM,KERALA,N
683112,ERNAKULAM,KERALA,N
683577,ERNAKULAM,KERALA,N
683583,ERNAKULAM,KERALA,N
683574,ERNAKULAM,KERALA,N
683575,ERNAKULAM,KERALA,N
683576,ERNAKULAM,KERALA,N
683572,ERNAKULAM,KERALA,N
683562,ERNAKULAM,KERALA,N
683111,ERNAKULAM,KERALA,N
683565,ERNAKULAM,KERALA,N
683579,ERNAKULAM,KERALA,N
683587,ERNAKULAM,KERALA,N
683561,ERNAKULAM,KERALA,N
683574,ERNAKULAM,KERALA,N
683581,ERNAKULAM,KERALA,N
683574,ERNAKULAM,KERALA,N
683589,ERNAKULAM,KERALA,N
683577,ERNAKULAM,KERALA,N
683574,ERNAKULAM,KERALA,N
683563,ERNAKULAM,KERALA,N
683572,ERNAKULAM,KERALA,N
683585,ERNAKULAM,KERALA,N
683584,ERNAKULAM,KERALA,N
683582,ERNAKULAM,KERALA,N
683579,ERNAKULAM,KERALA,N
683593,ERNAKULAM,KERALA,N
683562,ERNAKULAM,KERALA,N
683565,ERNAKULAM,KERALA,N
683565,ERNAKULAM,KERALA,N
683574,ERNAKULAM,KERALA,N
683572,ERNAKULAM,KERALA,N
683578,ERNAKULAM,KERALA,N
683105,ERNAKULAM,KERALA,N
683580,ERNAKULAM,KERALA,N
683577,ERNAKULAM,KERALA,N
683106,ERNAKULAM,KERALA,N
683108,ERNAKULAM,KERALA,N
683105,ERNAKULAM,KERALA,N
683586,ERNAKULAM,KERALA,N
683575,ERNAKULAM,KERALA,N
680667,ERNAKULAM,KERALA,N
683108,ERNAKULAM,KERALA,N
683102,ERNAKULAM,KERALA,N
682021,ERNAKULAM,KERALA,N
683572,ERNAKULAM,KERALA,N
683579,ERNAKULAM,KERALA,N
683580,ERNAKULAM,KERALA,N
683565,ERNAKULAM,KERALA,N
683561,ERNAKULAM,KERALA,N
683574,ERNAKULAM,KERALA,N
686632,KOTTAYAM,KERALA,N
686635,KOTTAYAM,KERALA,N
686612,KOTTAYAM,KERALA,N
686608,KOTTAYAM,KERALA,N
686617,KOTTAYAM,KERALA,N
686609,KOTTAYAM,KERALA,N
686605,KOTTAYAM,KERALA,N
686610,KOTTAYAM,KERALA,N
686613,KOTTAYAM,KERALA,N
686632,KOTTAYAM,KERALA,N
686616,KOTTAYAM,KERALA,N
686612,KOTTAYAM,KERALA,N
686634,KOTTAYAM,KERALA,N
686634,KOTTAYAM,KERALA,N
686146,KOTTAYAM,KERALA,N
686642,KOTTAYAM,KERALA,N
686635,KOTTAYAM,KERALA,N
686606,KOTTAYAM,KERALA,N
686611,KOTTAYAM,KERALA,N
686610,KOTTAYAM,KERALA,N
686636,KOTTAYAM,KERALA,N
686604,KOTTAYAM,KERALA,N
686641,KOTTAYAM,KERALA,N
686607,KOTTAYAM,KERALA,N
686605,KOTTAYAM,KERALA,N
686606,KOTTAYAM,KERALA,N
686612,KOTTAYAM,KERALA,N
686145,KOTTAYAM,KERALA,N
686143,KOTTAYAM,KERALA,N
686605,KOTTAYAM,KERALA,N
686612,KOTTAYAM,KERALA,N
686605,KOTTAYAM,KERALA,N
686142,KOTTAYAM,KERALA,N
686141,KOTTAYAM,KERALA,N
686142,KOTTAYAM,KERALA,N
686636,KOTTAYAM,KERALA,N
686635,KOTTAYAM,KERALA,N
686596,KOTTAYAM,KERALA,N
686587,KOTTAYAM,KERALA,N
686144,KOTTAYAM,KERALA,N
686638,KOTTAYAM,KERALA,N
686632,KOTTAYAM,KERALA,N
673525,KOZHIKODE,KERALA,N
673620,KOZHIKODE,KERALA,N
673527,KOZHIKODE,KERALA,N
673528,KOZHIKODE,KERALA,N
673524,KOZHIKODE,KERALA,N
673618,KOZHIKODE,KERALA,N
673612,KOZHIKODE,KERALA,N
673526,KOZHIKODE,KERALA,N
673315,KOZHIKODE,KERALA,N
673306,KOZHIKODE,KERALA,N
673304,KOZHIKODE,KERALA,N
673528,KOZHIKODE,KERALA,N
673528,KOZHIKODE,KERALA,N
673525,KOZHIKODE,KERALA,N
673527,KOZHIKODE,KERALA,N
673524,KOZHIKODE,KERALA,N
673529,KOZHIKODE,KERALA,N
673306,KOZHIKODE,KERALA,N
673574,KOZHIKODE,KERALA,N
673574,KOZHIKODE,KERALA,N
673612,KOZHIKODE,KERALA,N
673525,KOZHIKODE,KERALA,N
673523,KOZHIKODE,KERALA,N
673574,KOZHIKODE,KERALA,N
673525,KOZHIKODE,KERALA,N
673620,KOZHIKODE,KERALA,N
673615,KOZHIKODE,KERALA,N
673615,KOZHIKODE,KERALA,N
673524,KOZHIKODE,KERALA,N
673612,KOZHIKODE,KERALA,N
673304,KOZHIKODE,KERALA,N
673524,KOZHIKODE,KERALA,N
673612,KOZHIKODE,KERALA,N
673612,KOZHIKODE,KERALA,N
673614,KOZHIKODE,KERALA,N
673529,KOZHIKODE,KERALA,N
673614,KOZHIKODE,KERALA,N
673525,KOZHIKODE,KERALA,N
673526,KOZHIKODE,KERALA,N
673307,KOZHIKODE,KERALA,N
673525,KOZHIKODE,KERALA,N
673522,KOZHIKODE,KERALA,N
673621,KOZHIKODE,KERALA,N
673524,KOZHIKODE,KERALA,N
673612,KOZHIKODE,KERALA,N
673315,KOZHIKODE,KERALA,N
673315,KOZHIKODE,KERALA,N
673307,KOZHIKODE,KERALA,N
673315,KOZHIKODE,KERALA,N
673532,KOZHIKODE,KERALA,N
673614,KOZHIKODE,KERALA,N
673305,KOZHIKODE,KERALA,N
673524,KOZHIKODE,KERALA,N
673327,KOZHIKODE,KERALA,N
673508,KOZHIKODE,KERALA,N
673620,KOZHIKODE,KERALA,N
673524,KOZHIKODE,KERALA,N
673574,KOZHIKODE,KERALA,N
673614,KOZHIKODE,KERALA,N
673527,KOZHIKODE,KERALA,N
673522,KOZHIKODE,KERALA,N
673306,KOZHIKODE,KERALA,N
673525,KOZHIKODE,KERALA,N
673524,KOZHIKODE,KERALA,N
673321,KOZHIKODE,KERALA,N
673614,KOZHIKODE,KERALA,N
673307,KOZHIKODE,KERALA,N
673307,KOZHIKODE,KERALA,N
673325,KOZHIKODE,KERALA,N
673528,KOZHIKODE,KERALA,N
673523,KOZHIKODE,KERALA,N
673508,KOZHIKODE,KERALA,N
673524,KOZHIKODE,KERALA,N
673326,KOZHIKODE,KERALA,N
673614,KOZHIKODE,KERALA,N
673620,KOZHIKODE,KERALA,N
673624,KOZHIKODE,KERALA,N
673614,KOZHIKODE,KERALA,N
673508,KOZHIKODE,KERALA,N
673508,KOZHIKODE,KERALA,N
673522,KOZHIKODE,KERALA,N
673612,KOZHIKODE,KERALA,N
673523,KOZHIKODE,KERALA,N
673525,KOZHIKODE,KERALA,N
673528,KOZHIKODE,KERALA,N
673620,KOZHIKODE,KERALA,N
673528,KOZHIKODE,KERALA,N
673614,KOZHIKODE,KERALA,N
673522,KOZHIKODE,KERALA,N
673620,KOZHIKODE,KERALA,N
673574,KOZHIKODE,KERALA,N
673317,KOZHIKODE,KERALA,N
673526,KOZHIKODE,KERALA,N
673612,KOZHIKODE,KERALA,N
673304,KOZHIKODE,KERALA,N
673529,KOZHIKODE,KERALA,N
673318,KOZHIKODE,KERALA,N
673614,KOZHIKODE,KERALA,N
673323,KOZHIKODE,KERALA,N
673574,KOZHIKODE,KERALA,N
673620,KOZHIKODE,KERALA,N
673614,KOZHIKODE,KERALA,N
673623,KOZHIKODE,KERALA,N
673574,KOZHIKODE,KERALA,N
673315,KOZHIKODE,KERALA,N
673315,KOZHIKODE,KERALA,N
673639,KOZHIKODE,KERALA,N
673586,KOZHIKODE,KERALA,N
673602,KOZHIKODE,KERALA,N
673603,KOZHIKODE,KERALA,N
673317,KOZHIKODE,KERALA,N
673028,KOZHIKODE,KERALA,N
673572,KOZHIKODE,KERALA,N
673015,KOZHIKODE,KERALA,N
673015,KOZHIKODE,KERALA,N
673018,KOZHIKODE,KERALA,N
673032,KOZHIKODE,KERALA,N
673001,KOZHIKODE,KERALA,N
673020,KOZHIKODE,KERALA,N
673020,KOZHIKODE,KERALA,N
673032,KOZHIKODE,KERALA,N
673001,KOZHIKODE,KERALA,N
673008,KOZHIKODE,KERALA,N
673001,KOZHIKODE,KERALA,N
673002,KOZHIKODE,KERALA,N
673301,KOZHIKODE,KERALA,N
673573,KOZHIKODE,KERALA,N
673601,KOZHIKODE,KERALA,N
673616,KOZHIKODE,KERALA,N
673571,KOZHIKODE,KERALA,N
673580,KOZHIKODE,KERALA,N
673602,KOZHIKODE,KERALA,N
673661,KOZHIKODE,KERALA,N
673008,KOZHIKODE,KERALA,N
673661,KOZHIKODE,KERALA,N
673655,KOZHIKODE,KERALA,N
673017,KOZHIKODE,KERALA,N
673017,KOZHIKODE,KERALA,N
673601,KOZHIKODE,KERALA,N
673008,KOZHIKODE,KERALA,N
673005,KOZHIKODE,KERALA,N
673005,KOZHIKODE,KERALA,N
673616,KOZHIKODE,KERALA,N
673303,KOZHIKODE,KERALA,N
673572,KOZHIKODE,KERALA,N
673303,KOZHIKODE,KERALA,N
673006,KOZHIKODE,KERALA,N
673585,KOZHIKODE,KERALA,N
673632,KOZHIKODE,KERALA,N
673631,KOZHIKODE,KERALA,N
673631,KOZHIKODE,KERALA,N
673016,KOZHIKODE,KERALA,N
673014,KOZHIKODE,KERALA,N
673570,KOZHIKODE,KERALA,N
673014,KOZHIKODE,KERALA,N
673616,KOZHIKODE,KERALA,N
673302,KOZHIKODE,KERALA,N
673586,KOZHIKODE,KERALA,N
673604,KOZHIKODE,KERALA,N
673611,KOZHIKODE,KERALA,N
673619,KOZHIKODE,KERALA,N
673003,KOZHIKODE,KERALA,N
673603,KOZHIKODE,KERALA,N
673616,KOZHIKODE,KERALA,N
673003,KOZHIKODE,KERALA,N
673661,KOZHIKODE,KERALA,N
673580,KOZHIKODE,KERALA,N
673632,KOZHIKODE,KERALA,N
673571,KOZHIKODE,KERALA,N
673010,KOZHIKODE,KERALA,N
673602,KOZHIKODE,KERALA,N
673572,KOZHIKODE,KERALA,N
673643,KOZHIKODE,KERALA,N
673010,KOZHIKODE,KERALA,N
673573,KOZHIKODE,KERALA,N
673661,KOZHIKODE,KERALA,N
673572,KOZHIKODE,KERALA,N
673611,KOZHIKODE,KERALA,N
673602,KOZHIKODE,KERALA,N
673655,KOZHIKODE,KERALA,N
673007,KOZHIKODE,KERALA,N
673571,KOZHIKODE,KERALA,N
673604,KOZHIKODE,KERALA,N
673604,KOZHIKODE,KERALA,N
673580,KOZHIKODE,KERALA,N
673008,KOZHIKODE,KERALA,N
673016,KOZHIKODE,KERALA,N
673572,KOZHIKODE,KERALA,N
673573,KOZHIKODE,KERALA,N
673573,KOZHIKODE,KERALA,N
673604,KOZHIKODE,KERALA,N
673602,KOZHIKODE,KERALA,N
673003,KOZHIKODE,KERALA,N
673571,KOZHIKODE,KERALA,N
673571,KOZHIKODE,KERALA,N
673580,KOZHIKODE,KERALA,N
673611,KOZHIKODE,KERALA,N
673604,KOZHIKODE,KERALA,N
673016,KOZHIKODE,KERALA,N
673008,KOZHIKODE,KERALA,N
673023,KOZHIKODE,KERALA,N
673583,KOZHIKODE,KERALA,N
673573,KOZHIKODE,KERALA,N
673586,KOZHIKODE,KERALA,N
673617,KOZHIKODE,KERALA,N
673009,KOZHIKODE,KERALA,N
673601,KOZHIKODE,KERALA,N
673602,KOZHIKODE,KERALA,N
673604,KOZHIKODE,KERALA,N
673534,KOZHIKODE,KERALA,N
673007,KOZHIKODE,KERALA,N
673328,KOZHIKODE,KERALA,N
673012,KOZHIKODE,KERALA,N
673661,KOZHIKODE,KERALA,N
673008,KOZHIKODE,KERALA,N
673580,KOZHIKODE,KERALA,N
673602,KOZHIKODE,KERALA,N
673611,KOZHIKODE,KERALA,N
673580,KOZHIKODE,KERALA,N
673580,KOZHIKODE,KERALA,N
673603,KOZHIKODE,KERALA,N
673585,KOZHIKODE,KERALA,N
673602,KOZHIKODE,KERALA,N
673011,KOZHIKODE,KERALA,N
673027,KOZHIKODE,KERALA,N
673613,KOZHIKODE,KERALA,N
673585,KOZHIKODE,KERALA,N
673601,KOZHIKODE,KERALA,N
673010,KOZHIKODE,KERALA,N
673572,KOZHIKODE,KERALA,N
673016,KOZHIKODE,KERALA,N
673602,KOZHIKODE,KERALA,N
673601,KOZHIKODE,KERALA,N
673586,KOZHIKODE,KERALA,N
673025,KOZHIKODE,KERALA,N
673572,KOZHIKODE,KERALA,N
673571,KOZHIKODE,KERALA,N
673611,KOZHIKODE,KERALA,N
673602,KOZHIKODE,KERALA,N
673572,KOZHIKODE,KERALA,N
673019,KOZHIKODE,KERALA,N
673012,KOZHIKODE,KERALA,N
673585,KOZHIKODE,KERALA,N
673573,KOZHIKODE,KERALA,N
673001,KOZHIKODE,KERALA,N
673009,KOZHIKODE,KERALA,N
673613,KOZHIKODE,KERALA,N
673571,KOZHIKODE,KERALA,N
673661,KOZHIKODE,KERALA,N
673571,KOZHIKODE,KERALA,N
673026,KOZHIKODE,KERALA,N
673631,KOZHIKODE,KERALA,N
673024,KOZHIKODE,KERALA,N
673571,KOZHIKODE,KERALA,N
673013,KOZHIKODE,KERALA,N
673603,KOZHIKODE,KERALA,N
673604,KOZHIKODE,KERALA,N
673008,KOZHIKODE,KERALA,N
673586,KOZHIKODE,KERALA,N
673603,KOZHIKODE,KERALA,N
673603,KOZHIKODE,KERALA,N
673585,KOZHIKODE,KERALA,N
673585,KOZHIKODE,KERALA,N
673303,KOZHIKODE,KERALA,N
673021,KOZHIKODE,KERALA,N
673004,KOZHIKODE,KERALA,N
673572,KOZHIKODE,KERALA,N
673633,KOZHIKODE,KERALA,N
673573,KOZHIKODE,KERALA,N
673003,KOZHIKODE,KERALA,N
673006,KOZHIKODE,KERALA,N
673002,KOZHIKODE,KERALA,N
673573,KOZHIKODE,KERALA,N
673573,KOZHIKODE,KERALA,N
673603,KOZHIKODE,KERALA,N
673580,KOZHIKODE,KERALA,N
673004,KOZHIKODE,KERALA,N
673603,KOZHIKODE,KERALA,N
673029,KOZHIKODE,KERALA,N
673029,KOZHIKODE,KERALA,N
673633,KOZHIKODE,KERALA,N
673572,KOZHIKODE,KERALA,N
673572,KOZHIKODE,KERALA,N
673580,KOZHIKODE,KERALA,N
673573,KOZHIKODE,KERALA,N
673601,KOZHIKODE,KERALA,N
673019,KOZHIKODE,KERALA,N
673011,KOZHIKODE,KERALA,N
673008,KOZHIKODE,KERALA,N
673572,KOZHIKODE,KERALA,N
673010,KOZHIKODE,KERALA,N
673017,KOZHIKODE,KERALA,N
673005,KOZHIKODE,KERALA,N
673005,KOZHIKODE,KERALA,N
673005,KOZHIKODE,KERALA,N
673303,KOZHIKODE,KERALA,N
673577,KOZHIKODE,KERALA,N
673579,KOZHIKODE,KERALA,N
673517,KOZHIKODE,KERALA,N
673508,KOZHIKODE,KERALA,N
673513,KOZHIKODE,KERALA,N
673507,KOZHIKODE,KERALA,N
673544,KOZHIKODE,KERALA,N
673521,KOZHIKODE,KERALA,N
673309,KOZHIKODE,KERALA,N
673517,KOZHIKODE,KERALA,N
673541,KOZHIKODE,KERALA,N
673513,KOZHIKODE,KERALA,N
673513,KOZHIKODE,KERALA,N
673511,KOZHIKODE,KERALA,N
673507,KOZHIKODE,KERALA,N
673509,KOZHIKODE,KERALA,N
673506,KOZHIKODE,KERALA,N
673104,KOZHIKODE,KERALA,N
673541,KOZHIKODE,KERALA,N
673512,KOZHIKODE,KERALA,N
673517,KOZHIKODE,KERALA,N
673308,KOZHIKODE,KERALA,N
673106,KOZHIKODE,KERALA,N
673106,KOZHIKODE,KERALA,N
673517,KOZHIKODE,KERALA,N
673520,KOZHIKODE,KERALA,N
673502,KOZHIKODE,KERALA,N
673501,KOZHIKODE,KERALA,N
673506,KOZHIKODE,KERALA,N
673521,KOZHIKODE,KERALA,N
673514,KOZHIKODE,KERALA,N
673504,KOZHIKODE,KERALA,N
673507,KOZHIKODE,KERALA,N
673506,KOZHIKODE,KERALA,N
673517,KOZHIKODE,KERALA,N
673102,KOZHIKODE,KERALA,N
673508,KOZHIKODE,KERALA,N
673513,KOZHIKODE,KERALA,N
673542,KOZHIKODE,KERALA,N
673542,KOZHIKODE,KERALA,N
673502,KOZHIKODE,KERALA,N
673513,KOZHIKODE,KERALA,N
673519,KOZHIKODE,KERALA,N
673505,KOZHIKODE,KERALA,N
673104,KOZHIKODE,KERALA,N
673515,KOZHIKODE,KERALA,N
673309,KOZHIKODE,KERALA,N
673503,KOZHIKODE,KERALA,N
673521,KOZHIKODE,KERALA,N
673542,KOZHIKODE,KERALA,N
673513,KOZHIKODE,KERALA,N
673503,KOZHIKODE,KERALA,N
673308,KOZHIKODE,KERALA,N
673104,KOZHIKODE,KERALA,N
673542,KOZHIKODE,KERALA,N
673508,KOZHIKODE,KERALA,N
673102,KOZHIKODE,KERALA,N
673310,KOZHIKODE,KERALA,N
673105,KOZHIKODE,KERALA,N
673523,KOZHIKODE,KERALA,N
673513,KOZHIKODE,KERALA,N
673107,KOZHIKODE,KERALA,N
673104,KOZHIKODE,KERALA,N
673109,KOZHIKODE,KERALA,N
673513,KOZHIKODE,KERALA,N
673516,KOZHIKODE,KERALA,N
673505,KOZHIKODE,KERALA,N
673507,KOZHIKODE,KERALA,N
673503,KOZHIKODE,KERALA,N
673110,KOZHIKODE,KERALA,N
673106,KOZHIKODE,KERALA,N
673112,KOZHIKODE,KERALA,N
673504,KOZHIKODE,KERALA,N
673506,KOZHIKODE,KERALA,N
673506,KOZHIKODE,KERALA,N
673507,KOZHIKODE,KERALA,N
673507,KOZHIKODE,KERALA,N
673104,KOZHIKODE,KERALA,N
673308,KOZHIKODE,KERALA,N
673501,KOZHIKODE,KERALA,N
673507,KOZHIKODE,KERALA,N
673530,KOZHIKODE,KERALA,N
673509,KOZHIKODE,KERALA,N
673513,KOZHIKODE,KERALA,N
673111,KOZHIKODE,KERALA,N
673504,KOZHIKODE,KERALA,N
673542,KOZHIKODE,KERALA,N
673507,KOZHIKODE,KERALA,N
673513,KOZHIKODE,KERALA,N
673105,KOZHIKODE,KERALA,N
673509,KOZHIKODE,KERALA,N
673503,KOZHIKODE,KERALA,N
673104,KOZHIKODE,KERALA,N
673102,KOZHIKODE,KERALA,N
673104,KOZHIKODE,KERALA,N
673508,KOZHIKODE,KERALA,N
673509,KOZHIKODE,KERALA,N
673541,KOZHIKODE,KERALA,N
673507,KOZHIKODE,KERALA,N
673541,KOZHIKODE,KERALA,N
673108,KOZHIKODE,KERALA,N
673505,KOZHIKODE,KERALA,N
673103,KOZHIKODE,KERALA,N
673101,KOZHIKODE,KERALA,N
673517,KOZHIKODE,KERALA,N
673542,KOZHIKODE,KERALA,N
673506,KOZHIKODE,KERALA,N
673513,KOZHIKODE,KERALA,N
673506,KOZHIKODE,KERALA,N
673518,KOZHIKODE,KERALA,N
673510,KOZHIKODE,KERALA,N
673104,KOZHIKODE,KERALA,N
673508,KOZHIKODE,KERALA,N
673508,KOZHIKODE,KERALA,N
673506,KOZHIKODE,KERALA,N
673542,KOZHIKODE,KERALA,N
673506,KOZHIKODE,KERALA,N
673632,MALAPPURAM,KERALA,N
673633,MALAPPURAM,KERALA,N
673633,MALAPPURAM,KERALA,N
673633,MALAPPURAM,KERALA,N
673641,MALAPPURAM,KERALA,N
676123,MALAPPURAM,KERALA,N
676509,MALAPPURAM,KERALA,N
673637,MALAPPURAM,KERALA,N
673639,MALAPPURAM,KERALA,N
673638,MALAPPURAM,KERALA,N
673637,MALAPPURAM,KERALA,N
673647,MALAPPURAM,KERALA,N
676541,MALAPPURAM,KERALA,N
676521,MALAPPURAM,KERALA,N
679327,MALAPPURAM,KERALA,N
673639,MALAPPURAM,KERALA,N
673645,MALAPPURAM,KERALA,N
673645,MALAPPURAM,KERALA,N
673638,MALAPPURAM,KERALA,N
676519,MALAPPURAM,KERALA,N
676541,MALAPPURAM,KERALA,N
676122,MALAPPURAM,KERALA,N
676541,MALAPPURAM,KERALA,N
676519,MALAPPURAM,KERALA,N
676513,MALAPPURAM,KERALA,N
673639,MALAPPURAM,KERALA,N
676121,MALAPPURAM,KERALA,N
673637,MALAPPURAM,KERALA,N
676123,MALAPPURAM,KERALA,N
673640,MALAPPURAM,KERALA,N
676123,MALAPPURAM,KERALA,N
673644,MALAPPURAM,KERALA,N
673639,MALAPPURAM,KERALA,N
676522,MALAPPURAM,KERALA,N
673638,MALAPPURAM,KERALA,N
676123,MALAPPURAM,KERALA,N
673641,MALAPPURAM,KERALA,N
673639,MALAPPURAM,KERALA,N
676505,MALAPPURAM,KERALA,N
676505,MALAPPURAM,KERALA,N
676123,MALAPPURAM,KERALA,N
676121,MALAPPURAM,KERALA,N
676122,MALAPPURAM,KERALA,N
676121,MALAPPURAM,KERALA,N
676122,MALAPPURAM,KERALA,N
673648,MALAPPURAM,KERALA,N
676514,MALAPPURAM,KERALA,N
673642,MALAPPURAM,KERALA,N
673649,MALAPPURAM,KERALA,N
673645,MALAPPURAM,KERALA,N
676509,MALAPPURAM,KERALA,N
673638,MALAPPURAM,KERALA,N
673638,MALAPPURAM,KERALA,N
676122,MALAPPURAM,KERALA,N
673638,MALAPPURAM,KERALA,N
676122,MALAPPURAM,KERALA,N
673642,MALAPPURAM,KERALA,N
673638,MALAPPURAM,KERALA,N
673642,MALAPPURAM,KERALA,N
673645,MALAPPURAM,KERALA,N
673641,MALAPPURAM,KERALA,N
673639,MALAPPURAM,KERALA,N
676521,MALAPPURAM,KERALA,N
676521,MALAPPURAM,KERALA,N
676521,MALAPPURAM,KERALA,N
676541,MALAPPURAM,KERALA,N
676122,MALAPPURAM,KERALA,N
676123,MALAPPURAM,KERALA,N
676123,MALAPPURAM,KERALA,N
676519,MALAPPURAM,KERALA,N
676122,MALAPPURAM,KERALA,N
676541,MALAPPURAM,KERALA,N
676509,MALAPPURAM,KERALA,N
673639,MALAPPURAM,KERALA,N
676517,MALAPPURAM,KERALA,N
679327,MALAPPURAM,KERALA,N
673639,MALAPPURAM,KERALA,N
679339,MALAPPURAM,KERALA,N
673641,MALAPPURAM,KERALA,N
676122,MALAPPURAM,KERALA,N
673634,MALAPPURAM,KERALA,N
676126,MALAPPURAM,KERALA,N
673641,MALAPPURAM,KERALA,N
673639,MALAPPURAM,KERALA,N
673638,MALAPPURAM,KERALA,N
676127,MALAPPURAM,KERALA,N
673641,MALAPPURAM,KERALA,N
673639,MALAPPURAM,KERALA,N
676122,MALAPPURAM,KERALA,N
673639,MALAPPURAM,KERALA,N
673637,MALAPPURAM,KERALA,N
673651,MALAPPURAM,KERALA,N
676521,MALAPPURAM,KERALA,N
673640,MALAPPURAM,KERALA,N
676517,MALAPPURAM,KERALA,N
673639,MALAPPURAM,KERALA,N
673652,MALAPPURAM,KERALA,N
676123,MALAPPURAM,KERALA,N
673637,MALAPPURAM,KERALA,N
676525,MALAPPURAM,KERALA,N
679332,MALAPPURAM,KERALA,N
679339,MALAPPURAM,KERALA,N
676525,MALAPPURAM,KERALA,N
676525,MALAPPURAM,KERALA,N
676525,MALAPPURAM,KERALA,N
679329,MALAPPURAM,KERALA,N
679334,MALAPPURAM,KERALA,N
679342,MALAPPURAM,KERALA,N
679328,MALAPPURAM,KERALA,N
679332,MALAPPURAM,KERALA,N
679355,MALAPPURAM,KERALA,N
679332,MALAPPURAM,KERALA,N
679334,MALAPPURAM,KERALA,N
679331,MALAPPURAM,KERALA,N
679329,MALAPPURAM,KERALA,N
679343,MALAPPURAM,KERALA,N
679334,MALAPPURAM,KERALA,N
676525,MALAPPURAM,KERALA,N
676523,MALAPPURAM,KERALA,N
676525,MALAPPURAM,KERALA,N
676523,MALAPPURAM,KERALA,N
679333,MALAPPURAM,KERALA,N
679328,MALAPPURAM,KERALA,N
679339,MALAPPURAM,KERALA,N
679333,MALAPPURAM,KERALA,N
679331,MALAPPURAM,KERALA,N
679344,MALAPPURAM,KERALA,N
676523,MALAPPURAM,KERALA,N
679332,MALAPPURAM,KERALA,N
676525,MALAPPURAM,KERALA,N
679339,MALAPPURAM,KERALA,N
679331,MALAPPURAM,KERALA,N
679334,MALAPPURAM,KERALA,N
676523,MALAPPURAM,KERALA,N
676542,MALAPPURAM,KERALA,N
676542,MALAPPURAM,KERALA,N
679332,MALAPPURAM,KERALA,N
679333,MALAPPURAM,KERALA,N
679332,MALAPPURAM,KERALA,N
679333,MALAPPURAM,KERALA,N
676542,MALAPPURAM,KERALA,N
679331,MALAPPURAM,KERALA,N
679331,MALAPPURAM,KERALA,N
679334,MALAPPURAM,KERALA,N
679328,MALAPPURAM,KERALA,N
679330,MALAPPURAM,KERALA,N
679333,MALAPPURAM,KERALA,N
676525,MALAPPURAM,KERALA,N
679330,MALAPPURAM,KERALA,N
679329,MALAPPURAM,KERALA,N
679334,MALAPPURAM,KERALA,N
679327,MALAPPURAM,KERALA,N
679331,MALAPPURAM,KERALA,N
679330,MALAPPURAM,KERALA,N
679334,MALAPPURAM,KERALA,N
679334,MALAPPURAM,KERALA,N
679332,MALAPPURAM,KERALA,N
679334,MALAPPURAM,KERALA,N
679327,MALAPPURAM,KERALA,N
676525,MALAPPURAM,KERALA,N
676542,MALAPPURAM,KERALA,N
676523,MALAPPURAM,KERALA,N
679328,MALAPPURAM,KERALA,N
679330,MALAPPURAM,KERALA,N
679332,MALAPPURAM,KERALA,N
676523,MALAPPURAM,KERALA,N
679331,MALAPPURAM,KERALA,N
679348,MALAPPURAM,KERALA,N
679327,MALAPPURAM,KERALA,N
679354,MALAPPURAM,KERALA,N
679339,MALAPPURAM,KERALA,N
676542,MALAPPURAM,KERALA,N
679339,MALAPPURAM,KERALA,N
679333,MALAPPURAM,KERALA,N
679327,MALAPPURAM,KERALA,N
679328,MALAPPURAM,KERALA,N
679357,MALAPPURAM,KERALA,N
679322,MALAPPURAM,KERALA,N
679357,MALAPPURAM,KERALA,N
679321,MALAPPURAM,KERALA,N
679321,MALAPPURAM,KERALA,N
679322,MALAPPURAM,KERALA,N
676504,MALAPPURAM,KERALA,N
679323,MALAPPURAM,KERALA,N
679323,MALAPPURAM,KERALA,N
679325,MALAPPURAM,KERALA,N
679321,MALAPPURAM,KERALA,N
679340,MALAPPURAM,KERALA,N
679326,MALAPPURAM,KERALA,N
679326,MALAPPURAM,KERALA,N
679340,MALAPPURAM,KERALA,N
679340,MALAPPURAM,KERALA,N
679324,MALAPPURAM,KERALA,N
679326,MALAPPURAM,KERALA,N
679325,MALAPPURAM,KERALA,N
676504,MALAPPURAM,KERALA,N
679338,MALAPPURAM,KERALA,N
679324,MALAPPURAM,KERALA,N
676506,MALAPPURAM,KERALA,N
679322,MALAPPURAM,KERALA,N
679338,MALAPPURAM,KERALA,N
676507,MALAPPURAM,KERALA,N
679357,MALAPPURAM,KERALA,N
679324,MALAPPURAM,KERALA,N
679324,MALAPPURAM,KERALA,N
679325,MALAPPURAM,KERALA,N
679322,MALAPPURAM,KERALA,N
679326,MALAPPURAM,KERALA,N
679338,MALAPPURAM,KERALA,N
676506,MALAPPURAM,KERALA,N
679326,MALAPPURAM,KERALA,N
679338,MALAPPURAM,KERALA,N
679340,MALAPPURAM,KERALA,N
679338,MALAPPURAM,KERALA,N
679338,MALAPPURAM,KERALA,N
679338,MALAPPURAM,KERALA,N
679321,MALAPPURAM,KERALA,N
679322,MALAPPURAM,KERALA,N
679325,MALAPPURAM,KERALA,N
676506,MALAPPURAM,KERALA,N
679322,MALAPPURAM,KERALA,N
679322,MALAPPURAM,KERALA,N
676507,MALAPPURAM,KERALA,N
679322,MALAPPURAM,KERALA,N
679325,MALAPPURAM,KERALA,N
679323,MALAPPURAM,KERALA,N
679321,MALAPPURAM,KERALA,N
679321,MALAPPURAM,KERALA,N
679350,MALAPPURAM,KERALA,N
679322,MALAPPURAM,KERALA,N
679352,MALAPPURAM,KERALA,N
679325,MALAPPURAM,KERALA,N
679325,MALAPPURAM,KERALA,N
679357,MALAPPURAM,KERALA,N
679351,MALAPPURAM,KERALA,N
679324,MALAPPURAM,KERALA,N
679325,MALAPPURAM,KERALA,N
679357,MALAPPURAM,KERALA,N
679323,MALAPPURAM,KERALA,N
679324,MALAPPURAM,KERALA,N
676507,MALAPPURAM,KERALA,N
679357,MALAPPURAM,KERALA,N
679324,MALAPPURAM,KERALA,N
679326,MALAPPURAM,KERALA,N
679338,MALAPPURAM,KERALA,N
679325,MALAPPURAM,KERALA,N
679326,MALAPPURAM,KERALA,N
679321,MALAPPURAM,KERALA,N
679585,MALAPPURAM,KERALA,N
679573,MALAPPURAM,KERALA,N
679594,MALAPPURAM,KERALA,N
679576,MALAPPURAM,KERALA,N
679580,MALAPPURAM,KERALA,N
679589,MALAPPURAM,KERALA,N
679575,MALAPPURAM,KERALA,N
679576,MALAPPURAM,KERALA,N
679587,MALAPPURAM,KERALA,N
679579,MALAPPURAM,KERALA,N
679573,MALAPPURAM,KERALA,N
679582,MALAPPURAM,KERALA,N
679586,MALAPPURAM,KERALA,N
679582,MALAPPURAM,KERALA,N
679584,MALAPPURAM,KERALA,N
679584,MALAPPURAM,KERALA,N
679591,MALAPPURAM,KERALA,N
679576,MALAPPURAM,KERALA,N
679581,MALAPPURAM,KERALA,N
679574,MALAPPURAM,KERALA,N
679578,MALAPPURAM,KERALA,N
679575,MALAPPURAM,KERALA,N
679575,MALAPPURAM,KERALA,N
679573,MALAPPURAM,KERALA,N
679591,MALAPPURAM,KERALA,N
679579,MALAPPURAM,KERALA,N
679579,MALAPPURAM,KERALA,N
679576,MALAPPURAM,KERALA,N
679580,MALAPPURAM,KERALA,N
679574,MALAPPURAM,KERALA,N
679576,MALAPPURAM,KERALA,N
679577,MALAPPURAM,KERALA,N
679583,MALAPPURAM,KERALA,N
679586,MALAPPURAM,KERALA,N
679584,MALAPPURAM,KERALA,N
679576,MALAPPURAM,KERALA,N
679573,MALAPPURAM,KERALA,N
679573,MALAPPURAM,KERALA,N
679578,MALAPPURAM,KERALA,N
679579,MALAPPURAM,KERALA,N
679340,MALAPPURAM,KERALA,N
676102,MALAPPURAM,KERALA,N
676301,MALAPPURAM,KERALA,N
676310,MALAPPURAM,KERALA,N
676106,MALAPPURAM,KERALA,N
676102,MALAPPURAM,KERALA,N
676110,MALAPPURAM,KERALA,N
676503,MALAPPURAM,KERALA,N
676503,MALAPPURAM,KERALA,N
676561,MALAPPURAM,KERALA,N
676111,MALAPPURAM,KERALA,N
676510,MALAPPURAM,KERALA,N
676108,MALAPPURAM,KERALA,N
676501,MALAPPURAM,KERALA,N
676552,MALAPPURAM,KERALA,N
676554,MALAPPURAM,KERALA,N
676503,MALAPPURAM,KERALA,N
679572,MALAPPURAM,KERALA,N
676103,MALAPPURAM,KERALA,N
676553,MALAPPURAM,KERALA,N
676553,MALAPPURAM,KERALA,N
676551,MALAPPURAM,KERALA,N
676556,MALAPPURAM,KERALA,N
676551,MALAPPURAM,KERALA,N
676553,MALAPPURAM,KERALA,N
676552,MALAPPURAM,KERALA,N
679571,MALAPPURAM,KERALA,N
676561,MALAPPURAM,KERALA,N
676307,MALAPPURAM,KERALA,N
676501,MALAPPURAM,KERALA,N
676503,MALAPPURAM,KERALA,N
676551,MALAPPURAM,KERALA,N
676301,MALAPPURAM,KERALA,N
676562,MALAPPURAM,KERALA,N
676501,MALAPPURAM,KERALA,N
679571,MALAPPURAM,KERALA,N
676503,MALAPPURAM,KERALA,N
676561,MALAPPURAM,KERALA,N
676105,MALAPPURAM,KERALA,N
676553,MALAPPURAM,KERALA,N
676528,MALAPPURAM,KERALA,N
676307,MALAPPURAM,KERALA,N
676561,MALAPPURAM,KERALA,N
679592,MALAPPURAM,KERALA,N
676109,MALAPPURAM,KERALA,N
676528,MALAPPURAM,KERALA,N
676313,MALAPPURAM,KERALA,N
676105,MALAPPURAM,KERALA,N
676562,MALAPPURAM,KERALA,N
676302,MALAPPURAM,KERALA,N
676503,MALAPPURAM,KERALA,N
676551,MALAPPURAM,KERALA,N
676503,MALAPPURAM,KERALA,N
676502,MALAPPURAM,KERALA,N
676302,MALAPPURAM,KERALA,N
676553,MALAPPURAM,KERALA,N
679571,MALAPPURAM,KERALA,N
679571,MALAPPURAM,KERALA,N
679588,MALAPPURAM,KERALA,N
676528,MALAPPURAM,KERALA,N
676106,MALAPPURAM,KERALA,N
676107,MALAPPURAM,KERALA,N
676102,MALAPPURAM,KERALA,N
676102,MALAPPURAM,KERALA,N
676552,MALAPPURAM,KERALA,N
676552,MALAPPURAM,KERALA,N
676102,MALAPPURAM,KERALA,N
676302,MALAPPURAM,KERALA,N
676501,MALAPPURAM,KERALA,N
676503,MALAPPURAM,KERALA,N
676510,MALAPPURAM,KERALA,N
676307,MALAPPURAM,KERALA,N
676302,MALAPPURAM,KERALA,N
676302,MALAPPURAM,KERALA,N
676103,MALAPPURAM,KERALA,N
676551,MALAPPURAM,KERALA,N
676105,MALAPPURAM,KERALA,N
676301,MALAPPURAM,KERALA,N
676101,MALAPPURAM,KERALA,N
676101,MALAPPURAM,KERALA,N
676557,MALAPPURAM,KERALA,N
676104,MALAPPURAM,KERALA,N
676108,MALAPPURAM,KERALA,N
676552,MALAPPURAM,KERALA,N
676502,MALAPPURAM,KERALA,N
676552,MALAPPURAM,KERALA,N
676551,MALAPPURAM,KERALA,N
676552,MALAPPURAM,KERALA,N
676106,MALAPPURAM,KERALA,N
676102,MALAPPURAM,KERALA,N
676102,MALAPPURAM,KERALA,N
676102,MALAPPURAM,KERALA,N
676301,MALAPPURAM,KERALA,N
676305,MALAPPURAM,KERALA,N
676303,MALAPPURAM,KERALA,N
676312,MALAPPURAM,KERALA,N
673635,MALAPPURAM,KERALA,N
673634,MALAPPURAM,KERALA,N
673636,MALAPPURAM,KERALA,N
676306,MALAPPURAM,KERALA,N
676304,MALAPPURAM,KERALA,N
676319,MALAPPURAM,KERALA,N
676508,MALAPPURAM,KERALA,N
676304,MALAPPURAM,KERALA,N
673314,MALAPPURAM,KERALA,N
676306,MALAPPURAM,KERALA,N
676318,MALAPPURAM,KERALA,N
676305,MALAPPURAM,KERALA,N
676304,MALAPPURAM,KERALA,N
673638,MALAPPURAM,KERALA,N
676309,MALAPPURAM,KERALA,N
673634,MALAPPURAM,KERALA,N
676306,MALAPPURAM,KERALA,N
676319,MALAPPURAM,KERALA,N
673638,MALAPPURAM,KERALA,N
676305,MALAPPURAM,KERALA,N
676306,MALAPPURAM,KERALA,N
676311,MALAPPURAM,KERALA,N
676311,MALAPPURAM,KERALA,N
676320,MALAPPURAM,KERALA,N
676303,MALAPPURAM,KERALA,N
676306,MALAPPURAM,KERALA,N
676320,MALAPPURAM,KERALA,N
676515,MALAPPURAM,KERALA,N
676519,MALAPPURAM,KERALA,N
673653,MALAPPURAM,KERALA,N
676306,MALAPPURAM,KERALA,N
676315,MALAPPURAM,KERALA,N
676303,MALAPPURAM,KERALA,N
673638,MALAPPURAM,KERALA,N
673636,MALAPPURAM,KERALA,N
676320,MALAPPURAM,KERALA,N
673636,MALAPPURAM,KERALA,N
676511,MALAPPURAM,KERALA,N
676306,MALAPPURAM,KERALA,N
676306,MALAPPURAM,KERALA,N
676303,MALAPPURAM,KERALA,N
676303,MALAPPURAM,KERALA,N
676508,MALAPPURAM,KERALA,N
676308,MALAPPURAM,KERALA,N
673314,MALAPPURAM,KERALA,N
673314,MALAPPURAM,KERALA,N
676317,MALAPPURAM,KERALA,N
676317,MALAPPURAM,KERALA,N
676304,MALAPPURAM,KERALA,N
676508,MALAPPURAM,KERALA,N
678581,PALAKKAD,KERALA,N
679513,PALAKKAD,KERALA,N
679501,PALAKKAD,KERALA,N
679337,PALAKKAD,KERALA,N
678005,PALAKKAD,KERALA,N
678582,PALAKKAD,KERALA,N
679337,PALAKKAD,KERALA,N
679505,PALAKKAD,KERALA,N
678582,PALAKKAD,KERALA,N
679303,PALAKKAD,KERALA,N
679103,PALAKKAD,KERALA,N
679501,PALAKKAD,KERALA,N
679533,PALAKKAD,KERALA,N
679506,PALAKKAD,KERALA,N
679337,PALAKKAD,KERALA,N
679514,PALAKKAD,KERALA,N
678593,PALAKKAD,KERALA,N
678601,PALAKKAD,KERALA,N
678632,PALAKKAD,KERALA,N
678601,PALAKKAD,KERALA,N
678595,PALAKKAD,KERALA,N
679513,PALAKKAD,KERALA,N
679102,PALAKKAD,KERALA,N
678601,PALAKKAD,KERALA,N
678595,PALAKKAD,KERALA,N
679502,PALAKKAD,KERALA,N
679102,PALAKKAD,KERALA,N
678633,PALAKKAD,KERALA,N
679304,PALAKKAD,KERALA,N
679309,PALAKKAD,KERALA,N
678593,PALAKKAD,KERALA,N
678682,PALAKKAD,KERALA,N
678544,PALAKKAD,KERALA,N
678573,PALAKKAD,KERALA,N
678572,PALAKKAD,KERALA,N
678721,PALAKKAD,KERALA,N
678702,PALAKKAD,KERALA,N
678704,PALAKKAD,KERALA,N
678702,PALAKKAD,KERALA,N
678709,PALAKKAD,KERALA,N
678546,PALAKKAD,KERALA,N
678507,PALAKKAD,KERALA,N
678702,PALAKKAD,KERALA,N
678686,PALAKKAD,KERALA,N
678702,PALAKKAD,KERALA,N
678543,PALAKKAD,KERALA,N
678684,PALAKKAD,KERALA,N
678681,PALAKKAD,KERALA,N
678684,PALAKKAD,KERALA,N
678572,PALAKKAD,KERALA,N
678681,PALAKKAD,KERALA,N
678721,PALAKKAD,KERALA,N
678689,PALAKKAD,KERALA,N
678685,PALAKKAD,KERALA,N
678571,PALAKKAD,KERALA,N
678703,PALAKKAD,KERALA,N
678705,PALAKKAD,KERALA,N
678684,PALAKKAD,KERALA,N
678722,PALAKKAD,KERALA,N
678508,PALAKKAD,KERALA,N
678508,PALAKKAD,KERALA,N
678506,PALAKKAD,KERALA,N
678508,PALAKKAD,KERALA,N
678548,PALAKKAD,KERALA,N
678684,PALAKKAD,KERALA,N
678544,PALAKKAD,KERALA,N
678575,PALAKKAD,KERALA,N
678506,PALAKKAD,KERALA,N
678573,PALAKKAD,KERALA,N
678686,PALAKKAD,KERALA,N
678574,PALAKKAD,KERALA,N
678542,PALAKKAD,KERALA,N
678702,PALAKKAD,KERALA,N
678545,PALAKKAD,KERALA,N
678687,PALAKKAD,KERALA,N
678547,PALAKKAD,KERALA,N
678687,PALAKKAD,KERALA,N
678671,PALAKKAD,KERALA,N
678722,PALAKKAD,KERALA,N
678683,PALAKKAD,KERALA,N
678706,PALAKKAD,KERALA,N
678572,PALAKKAD,KERALA,N
678506,PALAKKAD,KERALA,N
678671,PALAKKAD,KERALA,N
678541,PALAKKAD,KERALA,N
678683,PALAKKAD,KERALA,N
678703,PALAKKAD,KERALA,N
678706,PALAKKAD,KERALA,N
678574,PALAKKAD,KERALA,N
678702,PALAKKAD,KERALA,N
678682,PALAKKAD,KERALA,N
678510,PALAKKAD,KERALA,N
678541,PALAKKAD,KERALA,N
678683,PALAKKAD,KERALA,N
678706,PALAKKAD,KERALA,N
678572,PALAKKAD,KERALA,N
678542,PALAKKAD,KERALA,N
678543,PALAKKAD,KERALA,N
678706,PALAKKAD,KERALA,N
678571,PALAKKAD,KERALA,N
678574,PALAKKAD,KERALA,N
678702,PALAKKAD,KERALA,N
678706,PALAKKAD,KERALA,N
678702,PALAKKAD,KERALA,N
678683,PALAKKAD,KERALA,N
678572,PALAKKAD,KERALA,N
678545,PALAKKAD,KERALA,N
678571,PALAKKAD,KERALA,N
678682,PALAKKAD,KERALA,N
678510,PALAKKAD,KERALA,N
678543,PALAKKAD,KERALA,N
678502,PALAKKAD,KERALA,N
678506,PALAKKAD,KERALA,N
678506,PALAKKAD,KERALA,N
678554,PALAKKAD,KERALA,N
678556,PALAKKAD,KERALA,N
678510,PALAKKAD,KERALA,N
678508,PALAKKAD,KERALA,N
678508,PALAKKAD,KERALA,N
678102,PALAKKAD,KERALA,N
678101,PALAKKAD,KERALA,N
678508,PALAKKAD,KERALA,N
678558,PALAKKAD,KERALA,N
678512,PALAKKAD,KERALA,N
678508,PALAKKAD,KERALA,N
678534,PALAKKAD,KERALA,N
678503,PALAKKAD,KERALA,N
678532,PALAKKAD,KERALA,N
678508,PALAKKAD,KERALA,N
678506,PALAKKAD,KERALA,N
678506,PALAKKAD,KERALA,N
678506,PALAKKAD,KERALA,N
678557,PALAKKAD,KERALA,N
678688,PALAKKAD,KERALA,N
678101,PALAKKAD,KERALA,N
678553,PALAKKAD,KERALA,N
678507,PALAKKAD,KERALA,N
678507,PALAKKAD,KERALA,N
678534,PALAKKAD,KERALA,N
678508,PALAKKAD,KERALA,N
678508,PALAKKAD,KERALA,N
678557,PALAKKAD,KERALA,N
678555,PALAKKAD,KERALA,N
678505,PALAKKAD,KERALA,N
678688,PALAKKAD,KERALA,N
678556,PALAKKAD,KERALA,N
678506,PALAKKAD,KERALA,N
678508,PALAKKAD,KERALA,N
678503,PALAKKAD,KERALA,N
678555,PALAKKAD,KERALA,N
678508,PALAKKAD,KERALA,N
678102,PALAKKAD,KERALA,N
678102,PALAKKAD,KERALA,N
678553,PALAKKAD,KERALA,N
678103,PALAKKAD,KERALA,N
678661,PALAKKAD,KERALA,N
678504,PALAKKAD,KERALA,N
678508,PALAKKAD,KERALA,N
678534,PALAKKAD,KERALA,N
678557,PALAKKAD,KERALA,N
678103,PALAKKAD,KERALA,N
678582,PALAKKAD,KERALA,N
678581,PALAKKAD,KERALA,N
678601,PALAKKAD,KERALA,N
678583,PALAKKAD,KERALA,N
678583,PALAKKAD,KERALA,N
678762,PALAKKAD,KERALA,N
678595,PALAKKAD,KERALA,N
678598,PALAKKAD,KERALA,N
678598,PALAKKAD,KERALA,N
678581,PALAKKAD,KERALA,N
678632,PALAKKAD,KERALA,N
678593,PALAKKAD,KERALA,N
678761,PALAKKAD,KERALA,N
678589,PALAKKAD,KERALA,N
678583,PALAKKAD,KERALA,N
678583,PALAKKAD,KERALA,N
678601,PALAKKAD,KERALA,N
678762,PALAKKAD,KERALA,N
678581,PALAKKAD,KERALA,N
678582,PALAKKAD,KERALA,N
678581,PALAKKAD,KERALA,N
678601,PALAKKAD,KERALA,N
678591,PALAKKAD,KERALA,N
678581,PALAKKAD,KERALA,N
678601,PALAKKAD,KERALA,N
678582,PALAKKAD,KERALA,N
678596,PALAKKAD,KERALA,N
678583,PALAKKAD,KERALA,N
678596,PALAKKAD,KERALA,N
678591,PALAKKAD,KERALA,N
678591,PALAKKAD,KERALA,N
678595,PALAKKAD,KERALA,N
678581,PALAKKAD,KERALA,N
678597,PALAKKAD,KERALA,N
678605,PALAKKAD,KERALA,N
678581,PALAKKAD,KERALA,N
678583,PALAKKAD,KERALA,N
678632,PALAKKAD,KERALA,N
678581,PALAKKAD,KERALA,N
678583,PALAKKAD,KERALA,N
678583,PALAKKAD,KERALA,N
678583,PALAKKAD,KERALA,N
678582,PALAKKAD,KERALA,N
678581,PALAKKAD,KERALA,N
678582,PALAKKAD,KERALA,N
678583,PALAKKAD,KERALA,N
678591,PALAKKAD,KERALA,N
678593,PALAKKAD,KERALA,N
678583,PALAKKAD,KERALA,N
678582,PALAKKAD,KERALA,N
679513,PALAKKAD,KERALA,N
679503,PALAKKAD,KERALA,N
679302,PALAKKAD,KERALA,N
678637,PALAKKAD,KERALA,N
679310,PALAKKAD,KERALA,N
679512,PALAKKAD,KERALA,N
679501,PALAKKAD,KERALA,N
679551,PALAKKAD,KERALA,N
679552,PALAKKAD,KERALA,N
678633,PALAKKAD,KERALA,N
679505,PALAKKAD,KERALA,N
679536,PALAKKAD,KERALA,N
679535,PALAKKAD,KERALA,N
679537,PALAKKAD,KERALA,N
679304,PALAKKAD,KERALA,N
679521,PALAKKAD,KERALA,N
679503,PALAKKAD,KERALA,N
679522,PALAKKAD,KERALA,N
679336,PALAKKAD,KERALA,N
679305,PALAKKAD,KERALA,N
679512,PALAKKAD,KERALA,N
678609,PALAKKAD,KERALA,N
679336,PALAKKAD,KERALA,N
679511,PALAKKAD,KERALA,N
679309,PALAKKAD,KERALA,N
679522,PALAKKAD,KERALA,N
678752,PALAKKAD,KERALA,N
679552,PALAKKAD,KERALA,N
679308,PALAKKAD,KERALA,N
679335,PALAKKAD,KERALA,N
679302,PALAKKAD,KERALA,N
679123,PALAKKAD,KERALA,N
679335,PALAKKAD,KERALA,N
679515,PALAKKAD,KERALA,N
679308,PALAKKAD,KERALA,N
679552,PALAKKAD,KERALA,N
679313,PALAKKAD,KERALA,N
679514,PALAKKAD,KERALA,N
679125,PALAKKAD,KERALA,N
679104,PALAKKAD,KERALA,N
679552,PALAKKAD,KERALA,N
679506,PALAKKAD,KERALA,N
679503,PALAKKAD,KERALA,N
679513,PALAKKAD,KERALA,N
679504,PALAKKAD,KERALA,N
678633,PALAKKAD,KERALA,N
679514,PALAKKAD,KERALA,N
679514,PALAKKAD,KERALA,N
679523,PALAKKAD,KERALA,N
679536,PALAKKAD,KERALA,N
679122,PALAKKAD,KERALA,N
679307,PALAKKAD,KERALA,N
679303,PALAKKAD,KERALA,N
679501,PALAKKAD,KERALA,N
679303,PALAKKAD,KERALA,N
679303,PALAKKAD,KERALA,N
679313,PALAKKAD,KERALA,N
679523,PALAKKAD,KERALA,N
679535,PALAKKAD,KERALA,N
679534,PALAKKAD,KERALA,N
679518,PALAKKAD,KERALA,N
679554,PALAKKAD,KERALA,N
679503,PALAKKAD,KERALA,N
678633,PALAKKAD,KERALA,N
679122,PALAKKAD,KERALA,N
679337,PALAKKAD,KERALA,N
679552,PALAKKAD,KERALA,N
679553,PALAKKAD,KERALA,N
678633,PALAKKAD,KERALA,N
679533,PALAKKAD,KERALA,N
679514,PALAKKAD,KERALA,N
679301,PALAKKAD,KERALA,N
679534,PALAKKAD,KERALA,N
679554,PALAKKAD,KERALA,N
679301,PALAKKAD,KERALA,N
679503,PALAKKAD,KERALA,N
679521,PALAKKAD,KERALA,N
679517,PALAKKAD,KERALA,N
679523,PALAKKAD,KERALA,N
679307,PALAKKAD,KERALA,N
679336,PALAKKAD,KERALA,N
679335,PALAKKAD,KERALA,N
679306,PALAKKAD,KERALA,N
679306,PALAKKAD,KERALA,N
679307,PALAKKAD,KERALA,N
679501,PALAKKAD,KERALA,N
679122,PALAKKAD,KERALA,N
679534,PALAKKAD,KERALA,N
678597,PALAKKAD,KERALA,N
678593,PALAKKAD,KERALA,N
679314,PALAKKAD,KERALA,N
679511,PALAKKAD,KERALA,N
679122,PALAKKAD,KERALA,N
679502,PALAKKAD,KERALA,N
679308,PALAKKAD,KERALA,N
679533,PALAKKAD,KERALA,N
679308,PALAKKAD,KERALA,N
679335,PALAKKAD,KERALA,N
679533,PALAKKAD,KERALA,N
679311,PALAKKAD,KERALA,N
679534,PALAKKAD,KERALA,N
679101,PALAKKAD,KERALA,N
679103,PALAKKAD,KERALA,N
679305,PALAKKAD,KERALA,N
679501,PALAKKAD,KERALA,N
679501,PALAKKAD,KERALA,N
679522,PALAKKAD,KERALA,N
679503,PALAKKAD,KERALA,N
679312,PALAKKAD,KERALA,N
679522,PALAKKAD,KERALA,N
679303,PALAKKAD,KERALA,N
679534,PALAKKAD,KERALA,N
679535,PALAKKAD,KERALA,N
679535,PALAKKAD,KERALA,N
679536,PALAKKAD,KERALA,N
679303,PALAKKAD,KERALA,N
679302,PALAKKAD,KERALA,N
679335,PALAKKAD,KERALA,N
679307,PALAKKAD,KERALA,N
678634,PALAKKAD,KERALA,N
679122,PALAKKAD,KERALA,N
679121,PALAKKAD,KERALA,N
679538,PALAKKAD,KERALA,N
679533,PALAKKAD,KERALA,N
679514,PALAKKAD,KERALA,N
679304,PALAKKAD,KERALA,N
679102,PALAKKAD,KERALA,N
679502,PALAKKAD,KERALA,N
679534,PALAKKAD,KERALA,N
679124,PALAKKAD,KERALA,N
679336,PALAKKAD,KERALA,N
679522,PALAKKAD,KERALA,N
679504,PALAKKAD,KERALA,N
679516,PALAKKAD,KERALA,N
679309,PALAKKAD,KERALA,N
679305,PALAKKAD,KERALA,N
679336,PALAKKAD,KERALA,N
679121,PALAKKAD,KERALA,N
678008,PALAKKAD,KERALA,N
678011,PALAKKAD,KERALA,N
678651,PALAKKAD,KERALA,N
678007,PALAKKAD,KERALA,N
678624,PALAKKAD,KERALA,N
678611,PALAKKAD,KERALA,N
678635,PALAKKAD,KERALA,N
678104,PALAKKAD,KERALA,N
678101,PALAKKAD,KERALA,N
678005,PALAKKAD,KERALA,N
678009,PALAKKAD,KERALA,N
678611,PALAKKAD,KERALA,N
678556,PALAKKAD,KERALA,N
678622,PALAKKAD,KERALA,N
678622,PALAKKAD,KERALA,N
678622,PALAKKAD,KERALA,N
678502,PALAKKAD,KERALA,N
678600,PALAKKAD,KERALA,N
678651,PALAKKAD,KERALA,N
678015,PALAKKAD,KERALA,N
678009,PALAKKAD,KERALA,N
678018,PALAKKAD,KERALA,N
678613,PALAKKAD,KERALA,N
678003,PALAKKAD,KERALA,N
678621,PALAKKAD,KERALA,N
678621,PALAKKAD,KERALA,N
678623,PALAKKAD,KERALA,N
678701,PALAKKAD,KERALA,N
678559,PALAKKAD,KERALA,N
678017,PALAKKAD,KERALA,N
678641,PALAKKAD,KERALA,N
678642,PALAKKAD,KERALA,N
678707,PALAKKAD,KERALA,N
678615,PALAKKAD,KERALA,N
678004,PALAKKAD,KERALA,N
678501,PALAKKAD,KERALA,N
678501,PALAKKAD,KERALA,N
678631,PALAKKAD,KERALA,N
678551,PALAKKAD,KERALA,N
678732,PALAKKAD,KERALA,N
678555,PALAKKAD,KERALA,N
678641,PALAKKAD,KERALA,N
678101,PALAKKAD,KERALA,N
678013,PALAKKAD,KERALA,N
678651,PALAKKAD,KERALA,N
678631,PALAKKAD,KERALA,N
678614,PALAKKAD,KERALA,N
678613,PALAKKAD,KERALA,N
678613,PALAKKAD,KERALA,N
678502,PALAKKAD,KERALA,N
678642,PALAKKAD,KERALA,N
678642,PALAKKAD,KERALA,N
678007,PALAKKAD,KERALA,N
678556,PALAKKAD,KERALA,N
678012,PALAKKAD,KERALA,N
678631,PALAKKAD,KERALA,N
678592,PALAKKAD,KERALA,N
678594,PALAKKAD,KERALA,N
678642,PALAKKAD,KERALA,N
678553,PALAKKAD,KERALA,N
678592,PALAKKAD,KERALA,N
678554,PALAKKAD,KERALA,N
678003,PALAKKAD,KERALA,N
678592,PALAKKAD,KERALA,N
678004,PALAKKAD,KERALA,N
678004,PALAKKAD,KERALA,N
678551,PALAKKAD,KERALA,N
678002,PALAKKAD,KERALA,N
678014,PALAKKAD,KERALA,N
678001,PALAKKAD,KERALA,N
678001,PALAKKAD,KERALA,N
678008,PALAKKAD,KERALA,N
678001,PALAKKAD,KERALA,N
678001,PALAKKAD,KERALA,N
678731,PALAKKAD,KERALA,N
678007,PALAKKAD,KERALA,N
678006,PALAKKAD,KERALA,N
678621,PALAKKAD,KERALA,N
678552,PALAKKAD,KERALA,N
678661,PALAKKAD,KERALA,N
678631,PALAKKAD,KERALA,N
678612,PALAKKAD,KERALA,N
678532,PALAKKAD,KERALA,N
678531,PALAKKAD,KERALA,N
678019,PALAKKAD,KERALA,N
678552,PALAKKAD,KERALA,N
678592,PALAKKAD,KERALA,N
678733,PALAKKAD,KERALA,N
678623,PALAKKAD,KERALA,N
678005,PALAKKAD,KERALA,N
678622,PALAKKAD,KERALA,N
678010,PALAKKAD,KERALA,N
678641,PALAKKAD,KERALA,N
678622,PALAKKAD,KERALA,N
678616,PALAKKAD,KERALA,N
678501,PALAKKAD,KERALA,N
678551,PALAKKAD,KERALA,N
678020,PALAKKAD,KERALA,N
678012,PALAKKAD,KERALA,N
678641,PALAKKAD,KERALA,N
678594,PALAKKAD,KERALA,N
678555,PALAKKAD,KERALA,N
678592,PALAKKAD,KERALA,N
678622,PALAKKAD,KERALA,N
678552,PALAKKAD,KERALA,N
678624,PALAKKAD,KERALA,N
678001,PALAKKAD,KERALA,N
691523,PATHANAMTHITTA,KERALA,N
691523,PATHANAMTHITTA,KERALA,N
689648,PATHANAMTHITTA,KERALA,N
691555,PATHANAMTHITTA,KERALA,N
689693,PATHANAMTHITTA,KERALA,N
689648,PATHANAMTHITTA,KERALA,N
691556,PATHANAMTHITTA,KERALA,N
691551,PATHANAMTHITTA,KERALA,N
691555,PATHANAMTHITTA,KERALA,N
691524,PATHANAMTHITTA,KERALA,N
691526,PATHANAMTHITTA,KERALA,N
691552,PATHANAMTHITTA,KERALA,N
691553,PATHANAMTHITTA,KERALA,N
691526,PATHANAMTHITTA,KERALA,N
689694,PATHANAMTHITTA,KERALA,N
691523,PATHANAMTHITTA,KERALA,N
689502,PATHANAMTHITTA,KERALA,N
691555,PATHANAMTHITTA,KERALA,N
691555,PATHANAMTHITTA,KERALA,N
689693,PATHANAMTHITTA,KERALA,N
689711,PATHANAMTHITTA,KERALA,N
689693,PATHANAMTHITTA,KERALA,N
689501,PATHANAMTHITTA,KERALA,N
689694,PATHANAMTHITTA,KERALA,N
691530,PATHANAMTHITTA,KERALA,N
689501,PATHANAMTHITTA,KERALA,N
689501,PATHANAMTHITTA,KERALA,N
691524,PATHANAMTHITTA,KERALA,N
691523,PATHANAMTHITTA,KERALA,N
689516,PATHANAMTHITTA,KERALA,N
689693,PATHANAMTHITTA,KERALA,N
689502,PATHANAMTHITTA,KERALA,N
691556,PATHANAMTHITTA,KERALA,N
689693,PATHANAMTHITTA,KERALA,N
691551,PATHANAMTHITTA,KERALA,N
689693,PATHANAMTHITTA,KERALA,N
689694,PATHANAMTHITTA,KERALA,N
689501,PATHANAMTHITTA,KERALA,N
689501,PATHANAMTHITTA,KERALA,N
691525,PATHANAMTHITTA,KERALA,N
691554,PATHANAMTHITTA,KERALA,N
691551,PATHANAMTHITTA,KERALA,N
689518,PATHANAMTHITTA,KERALA,N
691523,PATHANAMTHITTA,KERALA,N
691528,PATHANAMTHITTA,KERALA,N
691554,PATHANAMTHITTA,KERALA,N
691525,PATHANAMTHITTA,KERALA,N
690522,PATHANAMTHITTA,KERALA,N
691554,PATHANAMTHITTA,KERALA,N
689502,PATHANAMTHITTA,KERALA,N
691552,PATHANAMTHITTA,KERALA,N
691529,PATHANAMTHITTA,KERALA,N
691554,PATHANAMTHITTA,KERALA,N
689506,PATHANAMTHITTA,KERALA,N
689698,PATHANAMTHITTA,KERALA,N
689642,PATHANAMTHITTA,KERALA,N
689625,PATHANAMTHITTA,KERALA,N
689649,PATHANAMTHITTA,KERALA,N
689691,PATHANAMTHITTA,KERALA,N
689671,PATHANAMTHITTA,KERALA,N
689650,PATHANAMTHITTA,KERALA,N
689643,PATHANAMTHITTA,KERALA,N
689643,PATHANAMTHITTA,KERALA,N
689643,PATHANAMTHITTA,KERALA,N
689656,PATHANAMTHITTA,KERALA,N
689692,PATHANAMTHITTA,KERALA,N
689503,PATHANAMTHITTA,KERALA,N
689691,PATHANAMTHITTA,KERALA,N
689691,PATHANAMTHITTA,KERALA,N
689643,PATHANAMTHITTA,KERALA,N
689514,PATHANAMTHITTA,KERALA,N
689653,PATHANAMTHITTA,KERALA,N
689691,PATHANAMTHITTA,KERALA,N
689653,PATHANAMTHITTA,KERALA,N
689691,PATHANAMTHITTA,KERALA,N
689513,PATHANAMTHITTA,KERALA,N
689678,PATHANAMTHITTA,KERALA,N
689699,PATHANAMTHITTA,KERALA,N
689678,PATHANAMTHITTA,KERALA,N
689649,PATHANAMTHITTA,KERALA,N
689625,PATHANAMTHITTA,KERALA,N
689671,PATHANAMTHITTA,KERALA,N
689691,PATHANAMTHITTA,KERALA,N
689647,PATHANAMTHITTA,KERALA,N
689691,PATHANAMTHITTA,KERALA,N
689503,PATHANAMTHITTA,KERALA,N
689692,PATHANAMTHITTA,KERALA,N
689699,PATHANAMTHITTA,KERALA,N
689646,PATHANAMTHITTA,KERALA,N
689625,PATHANAMTHITTA,KERALA,N
689503,PATHANAMTHITTA,KERALA,N
689503,PATHANAMTHITTA,KERALA,N
689653,PATHANAMTHITTA,KERALA,N
689647,PATHANAMTHITTA,KERALA,N
689646,PATHANAMTHITTA,KERALA,N
689692,PATHANAMTHITTA,KERALA,N
689649,PATHANAMTHITTA,KERALA,N
689533,PATHANAMTHITTA,KERALA,N
689123,PATHANAMTHITTA,KERALA,N
689691,PATHANAMTHITTA,KERALA,N
689692,PATHANAMTHITTA,KERALA,N
689517,PATHANAMTHITTA,KERALA,N
689668,PATHANAMTHITTA,KERALA,N
689532,PATHANAMTHITTA,KERALA,N
689703,PATHANAMTHITTA,KERALA,N
689643,PATHANAMTHITTA,KERALA,N
689532,PATHANAMTHITTA,KERALA,N
689650,PATHANAMTHITTA,KERALA,N
689514,PATHANAMTHITTA,KERALA,N
689691,PATHANAMTHITTA,KERALA,N
689654,PATHANAMTHITTA,KERALA,N
689641,PATHANAMTHITTA,KERALA,N
689641,PATHANAMTHITTA,KERALA,N
689641,PATHANAMTHITTA,KERALA,N
689503,PATHANAMTHITTA,KERALA,N
689532,PATHANAMTHITTA,KERALA,N
689644,PATHANAMTHITTA,KERALA,N
689645,PATHANAMTHITTA,KERALA,N
689532,PATHANAMTHITTA,KERALA,N
689646,PATHANAMTHITTA,KERALA,N
689519,PATHANAMTHITTA,KERALA,N
689657,PATHANAMTHITTA,KERALA,N
689641,PATHANAMTHITTA,KERALA,N
689507,PATHANAMTHITTA,KERALA,N
689678,PATHANAMTHITTA,KERALA,N
689533,PATHANAMTHITTA,KERALA,N
689642,PATHANAMTHITTA,KERALA,N
689642,PATHANAMTHITTA,KERALA,N
689513,PATHANAMTHITTA,KERALA,N
689643,PATHANAMTHITTA,KERALA,N
689656,PATHANAMTHITTA,KERALA,N
689647,PATHANAMTHITTA,KERALA,N
689645,PATHANAMTHITTA,KERALA,N
689692,PATHANAMTHITTA,KERALA,N
689643,PATHANAMTHITTA,KERALA,N
689652,PATHANAMTHITTA,KERALA,N
689699,PATHANAMTHITTA,KERALA,N
689668,PATHANAMTHITTA,KERALA,N
689632,PATHANAMTHITTA,KERALA,N
689698,PATHANAMTHITTA,KERALA,N
689656,PATHANAMTHITTA,KERALA,N
689659,PATHANAMTHITTA,KERALA,N
689660,PATHANAMTHITTA,KERALA,N
689691,PATHANAMTHITTA,KERALA,N
689653,PATHANAMTHITTA,KERALA,N
689648,PATHANAMTHITTA,KERALA,N
689532,PATHANAMTHITTA,KERALA,N
691551,PATHANAMTHITTA,KERALA,N
690561,PATHANAMTHITTA,KERALA,N
689573,PATHANAMTHITTA,KERALA,N
689585,PATHANAMTHITTA,KERALA,N
689582,PATHANAMTHITTA,KERALA,N
689586,PATHANAMTHITTA,KERALA,N
689594,PATHANAMTHITTA,KERALA,N
686547,PATHANAMTHITTA,KERALA,N
689586,PATHANAMTHITTA,KERALA,N
689603,PATHANAMTHITTA,KERALA,N
689583,PATHANAMTHITTA,KERALA,N
689615,PATHANAMTHITTA,KERALA,N
689543,PATHANAMTHITTA,KERALA,N
689587,PATHANAMTHITTA,KERALA,N
689545,PATHANAMTHITTA,KERALA,N
689615,PATHANAMTHITTA,KERALA,N
686547,PATHANAMTHITTA,KERALA,N
689588,PATHANAMTHITTA,KERALA,N
689543,PATHANAMTHITTA,KERALA,N
689584,PATHANAMTHITTA,KERALA,N
689594,PATHANAMTHITTA,KERALA,N
689585,PATHANAMTHITTA,KERALA,N
689543,PATHANAMTHITTA,KERALA,N
689544,PATHANAMTHITTA,KERALA,N
689587,PATHANAMTHITTA,KERALA,N
689544,PATHANAMTHITTA,KERALA,N
689596,PATHANAMTHITTA,KERALA,N
689592,PATHANAMTHITTA,KERALA,N
689587,PATHANAMTHITTA,KERALA,N
689589,PATHANAMTHITTA,KERALA,N
689543,PATHANAMTHITTA,KERALA,N
689602,PATHANAMTHITTA,KERALA,N
689544,PATHANAMTHITTA,KERALA,N
689613,PATHANAMTHITTA,KERALA,N
689587,PATHANAMTHITTA,KERALA,N
689588,PATHANAMTHITTA,KERALA,N
689544,PATHANAMTHITTA,KERALA,N
689613,PATHANAMTHITTA,KERALA,N
689544,PATHANAMTHITTA,KERALA,N
691556,PATHANAMTHITTA,KERALA,N
691526,PATHANAMTHITTA,KERALA,N
691552,PATHANAMTHITTA,KERALA,N
689612,PATHANAMTHITTA,KERALA,N
686510,PATHANAMTHITTA,KERALA,N
685533,PATHANAMTHITTA,KERALA,N
686511,PATHANAMTHITTA,KERALA,N
686511,PATHANAMTHITTA,KERALA,N
685533,PATHANAMTHITTA,KERALA,N
686510,PATHANAMTHITTA,KERALA,N
689111,PATHANAMTHITTA,KERALA,N
689711,PATHANAMTHITTA,KERALA,N
689674,PATHANAMTHITTA,KERALA,N
689645,PATHANAMTHITTA,KERALA,N
689677,PATHANAMTHITTA,KERALA,N
689664,PATHANAMTHITTA,KERALA,N
689673,PATHANAMTHITTA,KERALA,N
689677,PATHANAMTHITTA,KERALA,N
689663,PATHANAMTHITTA,KERALA,N
689672,PATHANAMTHITTA,KERALA,N
689614,PATHANAMTHITTA,KERALA,N
689675,PATHANAMTHITTA,KERALA,N
689667,PATHANAMTHITTA,KERALA,N
689673,PATHANAMTHITTA,KERALA,N
689614,PATHANAMTHITTA,KERALA,N
689711,PATHANAMTHITTA,KERALA,N
689616,PATHANAMTHITTA,KERALA,N
689663,PATHANAMTHITTA,KERALA,N
689682,PATHANAMTHITTA,KERALA,N
689672,PATHANAMTHITTA,KERALA,N
689667,PATHANAMTHITTA,KERALA,N
689667,PATHANAMTHITTA,KERALA,N
689614,PATHANAMTHITTA,KERALA,N
689711,PATHANAMTHITTA,KERALA,N
689662,PATHANAMTHITTA,KERALA,N
689661,PATHANAMTHITTA,KERALA,N
689662,PATHANAMTHITTA,KERALA,N
689665,PATHANAMTHITTA,KERALA,N
689676,PATHANAMTHITTA,KERALA,N
689664,PATHANAMTHITTA,KERALA,N
689666,PATHANAMTHITTA,KERALA,N
689711,PATHANAMTHITTA,KERALA,N
689672,PATHANAMTHITTA,KERALA,N
689662,PATHANAMTHITTA,KERALA,N
689662,PATHANAMTHITTA,KERALA,N
689711,PATHANAMTHITTA,KERALA,N
689663,PATHANAMTHITTA,KERALA,N
689680,PATHANAMTHITTA,KERALA,N
689674,PATHANAMTHITTA,KERALA,N
689662,PATHANAMTHITTA,KERALA,N
689663,PATHANAMTHITTA,KERALA,N
689662,PATHANAMTHITTA,KERALA,N
689674,PATHANAMTHITTA,KERALA,N
689672,PATHANAMTHITTA,KERALA,N
689681,PATHANAMTHITTA,KERALA,N
689711,PATHANAMTHITTA,KERALA,N
689672,PATHANAMTHITTA,KERALA,N
689673,PATHANAMTHITTA,KERALA,N
689667,PATHANAMTHITTA,KERALA,N
689545,PATHANAMTHITTA,KERALA,N
689664,PATHANAMTHITTA,KERALA,N
689614,PATHANAMTHITTA,KERALA,N
689676,PATHANAMTHITTA,KERALA,N
689645,PATHANAMTHITTA,KERALA,N
689662,PATHANAMTHITTA,KERALA,N
689675,PATHANAMTHITTA,KERALA,N
689663,PATHANAMTHITTA,KERALA,N
689612,PATHANAMTHITTA,KERALA,N
689542,PATHANAMTHITTA,KERALA,N
689542,PATHANAMTHITTA,KERALA,N
689582,PATHANAMTHITTA,KERALA,N
689541,PATHANAMTHITTA,KERALA,N
689578,PATHANAMTHITTA,KERALA,N
689629,PATHANAMTHITTA,KERALA,N
689621,PATHANAMTHITTA,KERALA,N
689531,PATHANAMTHITTA,KERALA,N
689621,PATHANAMTHITTA,KERALA,N
689113,PATHANAMTHITTA,KERALA,N
689104,PATHANAMTHITTA,KERALA,N
689112,PATHANAMTHITTA,KERALA,N
689611,PATHANAMTHITTA,KERALA,N
689113,PATHANAMTHITTA,KERALA,N
689112,PATHANAMTHITTA,KERALA,N
689549,PATHANAMTHITTA,KERALA,N
689103,PATHANAMTHITTA,KERALA,N
689547,PATHANAMTHITTA,KERALA,N
689630,PATHANAMTHITTA,KERALA,N
689102,PATHANAMTHITTA,KERALA,N
689108,PATHANAMTHITTA,KERALA,N
689105,PATHANAMTHITTA,KERALA,N
689582,PATHANAMTHITTA,KERALA,N
689102,PATHANAMTHITTA,KERALA,N
689620,PATHANAMTHITTA,KERALA,N
689531,PATHANAMTHITTA,KERALA,N
689547,PATHANAMTHITTA,KERALA,N
689581,PATHANAMTHITTA,KERALA,N
689546,PATHANAMTHITTA,KERALA,N
689548,PATHANAMTHITTA,KERALA,N
689550,PATHANAMTHITTA,KERALA,N
689548,PATHANAMTHITTA,KERALA,N
689103,PATHANAMTHITTA,KERALA,N
689106,PATHANAMTHITTA,KERALA,N
689533,PATHANAMTHITTA,KERALA,N
689105,PATHANAMTHITTA,KERALA,N
689581,PATHANAMTHITTA,KERALA,N
689549,PATHANAMTHITTA,KERALA,N
689591,PATHANAMTHITTA,KERALA,N
689581,PATHANAMTHITTA,KERALA,N
689107,PATHANAMTHITTA,KERALA,N
689547,PATHANAMTHITTA,KERALA,N
689542,PATHANAMTHITTA,KERALA,N
689546,PATHANAMTHITTA,KERALA,N
689551,PATHANAMTHITTA,KERALA,N
689581,PATHANAMTHITTA,KERALA,N
689626,PATHANAMTHITTA,KERALA,N
689108,PATHANAMTHITTA,KERALA,N
689107,PATHANAMTHITTA,KERALA,N
689110,PATHANAMTHITTA,KERALA,N
689548,PATHANAMTHITTA,KERALA,N
689105,PATHANAMTHITTA,KERALA,N
689106,PATHANAMTHITTA,KERALA,N
689115,PATHANAMTHITTA,KERALA,N
689541,PATHANAMTHITTA,KERALA,N
689101,PATHANAMTHITTA,KERALA,N
689101,PATHANAMTHITTA,KERALA,N
689595,PATHANAMTHITTA,KERALA,N
689104,PATHANAMTHITTA,KERALA,N
689541,PATHANAMTHITTA,KERALA,N
689541,PATHANAMTHITTA,KERALA,N
689548,PATHANAMTHITTA,KERALA,N
689114,PATHANAMTHITTA,KERALA,N
695315,THIRUVANANTHAPURAM,KERALA,N
695142,THIRUVANANTHAPURAM,KERALA,N
695524,THIRUVANANTHAPURAM,KERALA,N
695103,THIRUVANANTHAPURAM,KERALA,N
695306,THIRUVANANTHAPURAM,KERALA,N
695104,THIRUVANANTHAPURAM,KERALA,N
695102,THIRUVANANTHAPURAM,KERALA,N
695102,THIRUVANANTHAPURAM,KERALA,N
695309,THIRUVANANTHAPURAM,KERALA,N
695101,THIRUVANANTHAPURAM,KERALA,N
695103,THIRUVANANTHAPURAM,KERALA,N
695310,THIRUVANANTHAPURAM,KERALA,N
695616,THIRUVANANTHAPURAM,KERALA,N
695601,THIRUVANANTHAPURAM,KERALA,N
695304,THIRUVANANTHAPURAM,KERALA,N
695104,THIRUVANANTHAPURAM,KERALA,N
695311,THIRUVANANTHAPURAM,KERALA,N
695310,THIRUVANANTHAPURAM,KERALA,N
695310,THIRUVANANTHAPURAM,KERALA,N
695310,THIRUVANANTHAPURAM,KERALA,N
695103,THIRUVANANTHAPURAM,KERALA,N
695306,THIRUVANANTHAPURAM,KERALA,N
695307,THIRUVANANTHAPURAM,KERALA,N
695605,THIRUVANANTHAPURAM,KERALA,N
695608,THIRUVANANTHAPURAM,KERALA,N
695311,THIRUVANANTHAPURAM,KERALA,N
695605,THIRUVANANTHAPURAM,KERALA,N
695304,THIRUVANANTHAPURAM,KERALA,N
695608,THIRUVANANTHAPURAM,KERALA,N
695144,THIRUVANANTHAPURAM,KERALA,N
695101,THIRUVANANTHAPURAM,KERALA,N
695601,THIRUVANANTHAPURAM,KERALA,N
695601,THIRUVANANTHAPURAM,KERALA,N
695608,THIRUVANANTHAPURAM,KERALA,N
695604,THIRUVANANTHAPURAM,KERALA,N
695304,THIRUVANANTHAPURAM,KERALA,N
695313,THIRUVANANTHAPURAM,KERALA,N
695104,THIRUVANANTHAPURAM,KERALA,N
695608,THIRUVANANTHAPURAM,KERALA,N
695602,THIRUVANANTHAPURAM,KERALA,N
695602,THIRUVANANTHAPURAM,KERALA,N
695611,THIRUVANANTHAPURAM,KERALA,N
695313,THIRUVANANTHAPURAM,KERALA,N
695603,THIRUVANANTHAPURAM,KERALA,N
695306,THIRUVANANTHAPURAM,KERALA,N
695144,THIRUVANANTHAPURAM,KERALA,N
695604,THIRUVANANTHAPURAM,KERALA,N
695103,THIRUVANANTHAPURAM,KERALA,N
695314,THIRUVANANTHAPURAM,KERALA,N
695146,THIRUVANANTHAPURAM,KERALA,N
695618,THIRUVANANTHAPURAM,KERALA,N
695603,THIRUVANANTHAPURAM,KERALA,N
695102,THIRUVANANTHAPURAM,KERALA,N
695307,THIRUVANANTHAPURAM,KERALA,N
695306,THIRUVANANTHAPURAM,KERALA,N
695602,THIRUVANANTHAPURAM,KERALA,N
695311,THIRUVANANTHAPURAM,KERALA,N
695104,THIRUVANANTHAPURAM,KERALA,N
695604,THIRUVANANTHAPURAM,KERALA,N
695146,THIRUVANANTHAPURAM,KERALA,N
695604,THIRUVANANTHAPURAM,KERALA,N
695603,THIRUVANANTHAPURAM,KERALA,N
695104,THIRUVANANTHAPURAM,KERALA,N
695601,THIRUVANANTHAPURAM,KERALA,N
695601,THIRUVANANTHAPURAM,KERALA,N
695102,THIRUVANANTHAPURAM,KERALA,N
695305,THIRUVANANTHAPURAM,KERALA,N
695103,THIRUVANANTHAPURAM,KERALA,N
695601,THIRUVANANTHAPURAM,KERALA,N
695309,THIRUVANANTHAPURAM,KERALA,N
695584,THIRUVANANTHAPURAM,KERALA,N
695612,THIRUVANANTHAPURAM,KERALA,N
695604,THIRUVANANTHAPURAM,KERALA,N
695311,THIRUVANANTHAPURAM,KERALA,N
695601,THIRUVANANTHAPURAM,KERALA,N
695605,THIRUVANANTHAPURAM,KERALA,N
695145,THIRUVANANTHAPURAM,KERALA,N
695605,THIRUVANANTHAPURAM,KERALA,N
695143,THIRUVANANTHAPURAM,KERALA,N
695308,THIRUVANANTHAPURAM,KERALA,N
695102,THIRUVANANTHAPURAM,KERALA,N
695141,THIRUVANANTHAPURAM,KERALA,N
695145,THIRUVANANTHAPURAM,KERALA,N
695607,THIRUVANANTHAPURAM,KERALA,N
695311,THIRUVANANTHAPURAM,KERALA,N
695318,THIRUVANANTHAPURAM,KERALA,N
695603,THIRUVANANTHAPURAM,KERALA,N
695312,THIRUVANANTHAPURAM,KERALA,N
695101,THIRUVANANTHAPURAM,KERALA,N
695614,THIRUVANANTHAPURAM,KERALA,N
695607,THIRUVANANTHAPURAM,KERALA,N
695584,THIRUVANANTHAPURAM,KERALA,N
695305,THIRUVANANTHAPURAM,KERALA,N
695141,THIRUVANANTHAPURAM,KERALA,N
695584,THIRUVANANTHAPURAM,KERALA,N
695141,THIRUVANANTHAPURAM,KERALA,N
695584,THIRUVANANTHAPURAM,KERALA,N
695612,THIRUVANANTHAPURAM,KERALA,N
695584,THIRUVANANTHAPURAM,KERALA,N
695607,THIRUVANANTHAPURAM,KERALA,N
695312,THIRUVANANTHAPURAM,KERALA,N
695607,THIRUVANANTHAPURAM,KERALA,N
695614,THIRUVANANTHAPURAM,KERALA,N
695145,THIRUVANANTHAPURAM,KERALA,N
695584,THIRUVANANTHAPURAM,KERALA,N
695143,THIRUVANANTHAPURAM,KERALA,N
695607,THIRUVANANTHAPURAM,KERALA,N
695586,THIRUVANANTHAPURAM,KERALA,N
695145,THIRUVANANTHAPURAM,KERALA,N
695607,THIRUVANANTHAPURAM,KERALA,N
695607,THIRUVANANTHAPURAM,KERALA,N
695586,THIRUVANANTHAPURAM,KERALA,N
695584,THIRUVANANTHAPURAM,KERALA,N
695305,THIRUVANANTHAPURAM,KERALA,N
695612,THIRUVANANTHAPURAM,KERALA,N
695143,THIRUVANANTHAPURAM,KERALA,N
695601,THIRUVANANTHAPURAM,KERALA,N
695607,THIRUVANANTHAPURAM,KERALA,N
695544,THIRUVANANTHAPURAM,KERALA,N
695606,THIRUVANANTHAPURAM,KERALA,N
695551,THIRUVANANTHAPURAM,KERALA,N
695564,THIRUVANANTHAPURAM,KERALA,N
695542,THIRUVANANTHAPURAM,KERALA,N
695557,THIRUVANANTHAPURAM,KERALA,N
695542,THIRUVANANTHAPURAM,KERALA,N
695615,THIRUVANANTHAPURAM,KERALA,N
695564,THIRUVANANTHAPURAM,KERALA,N
695551,THIRUVANANTHAPURAM,KERALA,N
695541,THIRUVANANTHAPURAM,KERALA,N
695563,THIRUVANANTHAPURAM,KERALA,N
695562,THIRUVANANTHAPURAM,KERALA,N
695562,THIRUVANANTHAPURAM,KERALA,N
695563,THIRUVANANTHAPURAM,KERALA,N
695561,THIRUVANANTHAPURAM,KERALA,N
695606,THIRUVANANTHAPURAM,KERALA,N
695551,THIRUVANANTHAPURAM,KERALA,N
695574,THIRUVANANTHAPURAM,KERALA,N
695609,THIRUVANANTHAPURAM,KERALA,N
695562,THIRUVANANTHAPURAM,KERALA,N
695606,THIRUVANANTHAPURAM,KERALA,N
695541,THIRUVANANTHAPURAM,KERALA,N
695002,THIRUVANANTHAPURAM,KERALA,N
695563,THIRUVANANTHAPURAM,KERALA,N
695542,THIRUVANANTHAPURAM,KERALA,N
695615,THIRUVANANTHAPURAM,KERALA,N
695560,THIRUVANANTHAPURAM,KERALA,N
695542,THIRUVANANTHAPURAM,KERALA,N
695574,THIRUVANANTHAPURAM,KERALA,N
695606,THIRUVANANTHAPURAM,KERALA,N
695542,THIRUVANANTHAPURAM,KERALA,N
695543,THIRUVANANTHAPURAM,KERALA,N
695615,THIRUVANANTHAPURAM,KERALA,N
695541,THIRUVANANTHAPURAM,KERALA,N
695541,THIRUVANANTHAPURAM,KERALA,N
695542,THIRUVANANTHAPURAM,KERALA,N
695551,THIRUVANANTHAPURAM,KERALA,N
695542,THIRUVANANTHAPURAM,KERALA,N
695562,THIRUVANANTHAPURAM,KERALA,N
695551,THIRUVANANTHAPURAM,KERALA,N
695610,THIRUVANANTHAPURAM,KERALA,N
695543,THIRUVANANTHAPURAM,KERALA,N
695615,THIRUVANANTHAPURAM,KERALA,N
695609,THIRUVANANTHAPURAM,KERALA,N
695543,THIRUVANANTHAPURAM,KERALA,N
695543,THIRUVANANTHAPURAM,KERALA,N
695610,THIRUVANANTHAPURAM,KERALA,N
695609,THIRUVANANTHAPURAM,KERALA,N
695541,THIRUVANANTHAPURAM,KERALA,N
695610,THIRUVANANTHAPURAM,KERALA,N
695606,THIRUVANANTHAPURAM,KERALA,N
695562,THIRUVANANTHAPURAM,KERALA,N
695562,THIRUVANANTHAPURAM,KERALA,N
695542,THIRUVANANTHAPURAM,KERALA,N
695563,THIRUVANANTHAPURAM,KERALA,N
695560,THIRUVANANTHAPURAM,KERALA,N
695560,THIRUVANANTHAPURAM,KERALA,N
695561,THIRUVANANTHAPURAM,KERALA,N
695609,THIRUVANANTHAPURAM,KERALA,N
695575,THIRUVANANTHAPURAM,KERALA,N
695542,THIRUVANANTHAPURAM,KERALA,N
695551,THIRUVANANTHAPURAM,KERALA,N
695541,THIRUVANANTHAPURAM,KERALA,N
695574,THIRUVANANTHAPURAM,KERALA,N
695561,THIRUVANANTHAPURAM,KERALA,N
695551,THIRUVANANTHAPURAM,KERALA,N
695562,THIRUVANANTHAPURAM,KERALA,N
695551,THIRUVANANTHAPURAM,KERALA,N
695575,THIRUVANANTHAPURAM,KERALA,N
695561,THIRUVANANTHAPURAM,KERALA,N
695575,THIRUVANANTHAPURAM,KERALA,N
695541,THIRUVANANTHAPURAM,KERALA,N
695563,THIRUVANANTHAPURAM,KERALA,N
695541,THIRUVANANTHAPURAM,KERALA,N
695543,THIRUVANANTHAPURAM,KERALA,N
695606,THIRUVANANTHAPURAM,KERALA,N
695562,THIRUVANANTHAPURAM,KERALA,N
695543,THIRUVANANTHAPURAM,KERALA,N
695543,THIRUVANANTHAPURAM,KERALA,N
695615,THIRUVANANTHAPURAM,KERALA,N
695542,THIRUVANANTHAPURAM,KERALA,N
695563,THIRUVANANTHAPURAM,KERALA,N
695572,THIRUVANANTHAPURAM,KERALA,N
695122,THIRUVANANTHAPURAM,KERALA,N
695572,THIRUVANANTHAPURAM,KERALA,N
695505,THIRUVANANTHAPURAM,KERALA,N
695124,THIRUVANANTHAPURAM,KERALA,N
695123,THIRUVANANTHAPURAM,KERALA,N
695122,THIRUVANANTHAPURAM,KERALA,N
695525,THIRUVANANTHAPURAM,KERALA,N
695126,THIRUVANANTHAPURAM,KERALA,N
695502,THIRUVANANTHAPURAM,KERALA,N
695501,THIRUVANANTHAPURAM,KERALA,N
695501,THIRUVANANTHAPURAM,KERALA,N
695122,THIRUVANANTHAPURAM,KERALA,N
695132,THIRUVANANTHAPURAM,KERALA,N
695504,THIRUVANANTHAPURAM,KERALA,N
695502,THIRUVANANTHAPURAM,KERALA,N
695501,THIRUVANANTHAPURAM,KERALA,N
695125,THIRUVANANTHAPURAM,KERALA,N
695503,THIRUVANANTHAPURAM,KERALA,N
695504,THIRUVANANTHAPURAM,KERALA,N
695506,THIRUVANANTHAPURAM,KERALA,N
695512,THIRUVANANTHAPURAM,KERALA,N
695525,THIRUVANANTHAPURAM,KERALA,N
695524,THIRUVANANTHAPURAM,KERALA,N
695504,THIRUVANANTHAPURAM,KERALA,N
695505,THIRUVANANTHAPURAM,KERALA,N
695506,THIRUVANANTHAPURAM,KERALA,N
695509,THIRUVANANTHAPURAM,KERALA,N
695572,THIRUVANANTHAPURAM,KERALA,N
695572,THIRUVANANTHAPURAM,KERALA,N
695526,THIRUVANANTHAPURAM,KERALA,N
695130,THIRUVANANTHAPURAM,KERALA,N
695523,THIRUVANANTHAPURAM,KERALA,N
695123,THIRUVANANTHAPURAM,KERALA,N
695571,THIRUVANANTHAPURAM,KERALA,N
695505,THIRUVANANTHAPURAM,KERALA,N
695124,THIRUVANANTHAPURAM,KERALA,N
695501,THIRUVANANTHAPURAM,KERALA,N
695510,THIRUVANANTHAPURAM,KERALA,N
695505,THIRUVANANTHAPURAM,KERALA,N
695504,THIRUVANANTHAPURAM,KERALA,N
695572,THIRUVANANTHAPURAM,KERALA,N
695505,THIRUVANANTHAPURAM,KERALA,N
695512,THIRUVANANTHAPURAM,KERALA,N
695526,THIRUVANANTHAPURAM,KERALA,N
695571,THIRUVANANTHAPURAM,KERALA,N
695571,THIRUVANANTHAPURAM,KERALA,N
695571,THIRUVANANTHAPURAM,KERALA,N
695505,THIRUVANANTHAPURAM,KERALA,N
695125,THIRUVANANTHAPURAM,KERALA,N
695503,THIRUVANANTHAPURAM,KERALA,N
695125,THIRUVANANTHAPURAM,KERALA,N
695131,THIRUVANANTHAPURAM,KERALA,N
695127,THIRUVANANTHAPURAM,KERALA,N
695505,THIRUVANANTHAPURAM,KERALA,N
695133,THIRUVANANTHAPURAM,KERALA,N
695523,THIRUVANANTHAPURAM,KERALA,N
695572,THIRUVANANTHAPURAM,KERALA,N
695020,THIRUVANANTHAPURAM,KERALA,N
695524,THIRUVANANTHAPURAM,KERALA,N
695523,THIRUVANANTHAPURAM,KERALA,N
695020,THIRUVANANTHAPURAM,KERALA,N
695572,THIRUVANANTHAPURAM,KERALA,N
695121,THIRUVANANTHAPURAM,KERALA,N
695133,THIRUVANANTHAPURAM,KERALA,N
695020,THIRUVANANTHAPURAM,KERALA,N
695507,THIRUVANANTHAPURAM,KERALA,N
695125,THIRUVANANTHAPURAM,KERALA,N
695027,THIRUVANANTHAPURAM,KERALA,N
695020,THIRUVANANTHAPURAM,KERALA,N
695505,THIRUVANANTHAPURAM,KERALA,N
695572,THIRUVANANTHAPURAM,KERALA,N
695502,THIRUVANANTHAPURAM,KERALA,N
695508,THIRUVANANTHAPURAM,KERALA,N
695501,THIRUVANANTHAPURAM,KERALA,N
695124,THIRUVANANTHAPURAM,KERALA,N
695126,THIRUVANANTHAPURAM,KERALA,N
695120,THIRUVANANTHAPURAM,KERALA,N
695125,THIRUVANANTHAPURAM,KERALA,N
695513,THIRUVANANTHAPURAM,KERALA,N
695020,THIRUVANANTHAPURAM,KERALA,N
695526,THIRUVANANTHAPURAM,KERALA,N
695526,THIRUVANANTHAPURAM,KERALA,N
695525,THIRUVANANTHAPURAM,KERALA,N
695501,THIRUVANANTHAPURAM,KERALA,N
695123,THIRUVANANTHAPURAM,KERALA,N
695505,THIRUVANANTHAPURAM,KERALA,N
695133,THIRUVANANTHAPURAM,KERALA,N
695506,THIRUVANANTHAPURAM,KERALA,N
695132,THIRUVANANTHAPURAM,KERALA,N
695125,THIRUVANANTHAPURAM,KERALA,N
695501,THIRUVANANTHAPURAM,KERALA,N
695572,THIRUVANANTHAPURAM,KERALA,N
695512,THIRUVANANTHAPURAM,KERALA,N
695505,THIRUVANANTHAPURAM,KERALA,N
695506,THIRUVANANTHAPURAM,KERALA,N
695123,THIRUVANANTHAPURAM,KERALA,N
695121,THIRUVANANTHAPURAM,KERALA,N
695144,THIRUVANANTHAPURAM,KERALA,N
695005,THIRUVANANTHAPURAM,KERALA,N
695026,THIRUVANANTHAPURAM,KERALA,N
695029,THIRUVANANTHAPURAM,KERALA,N
695032,THIRUVANANTHAPURAM,KERALA,N
695023,THIRUVANANTHAPURAM,KERALA,N
695009,THIRUVANANTHAPURAM,KERALA,N
695522,THIRUVANANTHAPURAM,KERALA,N
695587,THIRUVANANTHAPURAM,KERALA,N
695013,THIRUVANANTHAPURAM,KERALA,N
695588,THIRUVANANTHAPURAM,KERALA,N
695014,THIRUVANANTHAPURAM,KERALA,N
695019,THIRUVANANTHAPURAM,KERALA,N
695014,THIRUVANANTHAPURAM,KERALA,N
695013,THIRUVANANTHAPURAM,KERALA,N
695040,THIRUVANANTHAPURAM,KERALA,N
695024,THIRUVANANTHAPURAM,KERALA,N
695043,THIRUVANANTHAPURAM,KERALA,N
695042,THIRUVANANTHAPURAM,KERALA,N
695301,THIRUVANANTHAPURAM,KERALA,N
695030,THIRUVANANTHAPURAM,KERALA,N
695564,THIRUVANANTHAPURAM,KERALA,N
695002,THIRUVANANTHAPURAM,KERALA,N
695581,THIRUVANANTHAPURAM,KERALA,N
695003,THIRUVANANTHAPURAM,KERALA,N
695003,THIRUVANANTHAPURAM,KERALA,N
695582,THIRUVANANTHAPURAM,KERALA,N
695099,THIRUVANANTHAPURAM,KERALA,N
695013,THIRUVANANTHAPURAM,KERALA,N
695521,THIRUVANANTHAPURAM,KERALA,N
695527,THIRUVANANTHAPURAM,KERALA,N
695527,THIRUVANANTHAPURAM,KERALA,N
695043,THIRUVANANTHAPURAM,KERALA,N
695583,THIRUVANANTHAPURAM,KERALA,N
695003,THIRUVANANTHAPURAM,KERALA,N
695574,THIRUVANANTHAPURAM,KERALA,N
695009,THIRUVANANTHAPURAM,KERALA,N
695013,THIRUVANANTHAPURAM,KERALA,N
695573,THIRUVANANTHAPURAM,KERALA,N
695005,THIRUVANANTHAPURAM,KERALA,N
695521,THIRUVANANTHAPURAM,KERALA,N
695302,THIRUVANANTHAPURAM,KERALA,N
695025,THIRUVANANTHAPURAM,KERALA,N
695015,THIRUVANANTHAPURAM,KERALA,N
695005,THIRUVANANTHAPURAM,KERALA,N
695024,THIRUVANANTHAPURAM,KERALA,N
695316,THIRUVANANTHAPURAM,KERALA,N
695018,THIRUVANANTHAPURAM,KERALA,N
695004,THIRUVANANTHAPURAM,KERALA,N
695563,THIRUVANANTHAPURAM,KERALA,N
695573,THIRUVANANTHAPURAM,KERALA,N
695005,THIRUVANANTHAPURAM,KERALA,N
695573,THIRUVANANTHAPURAM,KERALA,N
695033,THIRUVANANTHAPURAM,KERALA,N
695012,THIRUVANANTHAPURAM,KERALA,N
695012,THIRUVANANTHAPURAM,KERALA,N
695026,THIRUVANANTHAPURAM,KERALA,N
695011,THIRUVANANTHAPURAM,KERALA,N
695038,THIRUVANANTHAPURAM,KERALA,N
695573,THIRUVANANTHAPURAM,KERALA,N
695303,THIRUVANANTHAPURAM,KERALA,N
695585,THIRUVANANTHAPURAM,KERALA,N
695010,THIRUVANANTHAPURAM,KERALA,N
695017,THIRUVANANTHAPURAM,KERALA,N
695586,THIRUVANANTHAPURAM,KERALA,N
695012,THIRUVANANTHAPURAM,KERALA,N
695614,THIRUVANANTHAPURAM,KERALA,N
695027,THIRUVANANTHAPURAM,KERALA,N
695001,THIRUVANANTHAPURAM,KERALA,N
695317,THIRUVANANTHAPURAM,KERALA,N
695031,THIRUVANANTHAPURAM,KERALA,N
695014,THIRUVANANTHAPURAM,KERALA,N
695006,THIRUVANANTHAPURAM,KERALA,N
695021,THIRUVANANTHAPURAM,KERALA,N
695036,THIRUVANANTHAPURAM,KERALA,N
695011,THIRUVANANTHAPURAM,KERALA,N
695033,THIRUVANANTHAPURAM,KERALA,N
695014,THIRUVANANTHAPURAM,KERALA,N
695034,THIRUVANANTHAPURAM,KERALA,N
695010,THIRUVANANTHAPURAM,KERALA,N
695039,THIRUVANANTHAPURAM,KERALA,N
695007,THIRUVANANTHAPURAM,KERALA,N
695016,THIRUVANANTHAPURAM,KERALA,N
695023,THIRUVANANTHAPURAM,KERALA,N
695001,THIRUVANANTHAPURAM,KERALA,N
695022,THIRUVANANTHAPURAM,KERALA,N
695024,THIRUVANANTHAPURAM,KERALA,N
695547,THIRUVANANTHAPURAM,KERALA,N
695006,THIRUVANANTHAPURAM,KERALA,N
695008,THIRUVANANTHAPURAM,KERALA,N
695035,THIRUVANANTHAPURAM,KERALA,N
695035,THIRUVANANTHAPURAM,KERALA,N
695028,THIRUVANANTHAPURAM,KERALA,N
695013,THIRUVANANTHAPURAM,KERALA,N
695522,THIRUVANANTHAPURAM,KERALA,N
695523,THIRUVANANTHAPURAM,KERALA,N
695033,THIRUVANANTHAPURAM,KERALA,N
695573,THIRUVANANTHAPURAM,KERALA,N
695551,THIRUVANANTHAPURAM,KERALA,N
695521,THIRUVANANTHAPURAM,KERALA,N
695008,THIRUVANANTHAPURAM,KERALA,N
695024,THIRUVANANTHAPURAM,KERALA,N
695011,THIRUVANANTHAPURAM,KERALA,N
695004,THIRUVANANTHAPURAM,KERALA,N
695583,THIRUVANANTHAPURAM,KERALA,N
695015,THIRUVANANTHAPURAM,KERALA,N
695004,THIRUVANANTHAPURAM,KERALA,N
695028,THIRUVANANTHAPURAM,KERALA,N
695581,THIRUVANANTHAPURAM,KERALA,N
695004,THIRUVANANTHAPURAM,KERALA,N
695303,THIRUVANANTHAPURAM,KERALA,N
695587,THIRUVANANTHAPURAM,KERALA,N
695004,THIRUVANANTHAPURAM,KERALA,N
695008,THIRUVANANTHAPURAM,KERALA,N
695011,THIRUVANANTHAPURAM,KERALA,N
695008,THIRUVANANTHAPURAM,KERALA,N
695021,THIRUVANANTHAPURAM,KERALA,N
695028,THIRUVANANTHAPURAM,KERALA,N
695581,THIRUVANANTHAPURAM,KERALA,N
680731,THRISSUR,KERALA,N
680734,THRISSUR,KERALA,N
680703,THRISSUR,KERALA,N
680733,THRISSUR,KERALA,N
680301,THRISSUR,KERALA,N
680711,THRISSUR,KERALA,N
680734,THRISSUR,KERALA,N
680567,THRISSUR,KERALA,N
680518,THRISSUR,KERALA,N
680508,THRISSUR,KERALA,N
680506,THRISSUR,KERALA,N
680104,THRISSUR,KERALA,N
680522,THRISSUR,KERALA,N
680687,THRISSUR,KERALA,N
679561,THRISSUR,KERALA,N
680506,THRISSUR,KERALA,N
680687,THRISSUR,KERALA,N
680511,THRISSUR,KERALA,N
680567,THRISSUR,KERALA,N
680518,THRISSUR,KERALA,N
680515,THRISSUR,KERALA,N
680568,THRISSUR,KERALA,N
680569,THRISSUR,KERALA,N
680511,THRISSUR,KERALA,N
680511,THRISSUR,KERALA,N
680510,THRISSUR,KERALA,N
680615,THRISSUR,KERALA,N
680101,THRISSUR,KERALA,N
680101,THRISSUR,KERALA,N
680103,THRISSUR,KERALA,N
680514,THRISSUR,KERALA,N
680511,THRISSUR,KERALA,N
680568,THRISSUR,KERALA,N
679562,THRISSUR,KERALA,N
680102,THRISSUR,KERALA,N
680687,THRISSUR,KERALA,N
680510,THRISSUR,KERALA,N
680567,THRISSUR,KERALA,N
680505,THRISSUR,KERALA,N
679562,THRISSUR,KERALA,N
680504,THRISSUR,KERALA,N
680505,THRISSUR,KERALA,N
680616,THRISSUR,KERALA,N
680506,THRISSUR,KERALA,N
680512,THRISSUR,KERALA,N
680518,THRISSUR,KERALA,N
680507,THRISSUR,KERALA,N
680509,THRISSUR,KERALA,N
680614,THRISSUR,KERALA,N
680566,THRISSUR,KERALA,N
680566,THRISSUR,KERALA,N
680104,THRISSUR,KERALA,N
679563,THRISSUR,KERALA,N
680512,THRISSUR,KERALA,N
680524,THRISSUR,KERALA,N
680506,THRISSUR,KERALA,N
680522,THRISSUR,KERALA,N
680507,THRISSUR,KERALA,N
680508,THRISSUR,KERALA,N
680505,THRISSUR,KERALA,N
679562,THRISSUR,KERALA,N
679561,THRISSUR,KERALA,N
680103,THRISSUR,KERALA,N
680508,THRISSUR,KERALA,N
680569,THRISSUR,KERALA,N
680104,THRISSUR,KERALA,N
680505,THRISSUR,KERALA,N
680569,THRISSUR,KERALA,N
680508,THRISSUR,KERALA,N
680101,THRISSUR,KERALA,N
680520,THRISSUR,KERALA,N
680516,THRISSUR,KERALA,N
680513,THRISSUR,KERALA,N
680619,THRISSUR,KERALA,N
680619,THRISSUR,KERALA,N
679562,THRISSUR,KERALA,N
680567,THRISSUR,KERALA,N
680614,THRISSUR,KERALA,N
680614,THRISSUR,KERALA,N
680512,THRISSUR,KERALA,N
680507,THRISSUR,KERALA,N
680510,THRISSUR,KERALA,N
679563,THRISSUR,KERALA,N
680567,THRISSUR,KERALA,N
680667,THRISSUR,KERALA,N
680666,THRISSUR,KERALA,N
680673,THRISSUR,KERALA,N
680686,THRISSUR,KERALA,N
680681,THRISSUR,KERALA,N
680687,THRISSUR,KERALA,N
680671,THRISSUR,KERALA,N
680666,THRISSUR,KERALA,N
680681,THRISSUR,KERALA,N
680681,THRISSUR,KERALA,N
680669,THRISSUR,KERALA,N
680671,THRISSUR,KERALA,N
680670,THRISSUR,KERALA,N
680664,THRISSUR,KERALA,N
680691,THRISSUR,KERALA,N
680681,THRISSUR,KERALA,N
680668,THRISSUR,KERALA,N
680667,THRISSUR,KERALA,N
680733,THRISSUR,KERALA,N
680666,THRISSUR,KERALA,N
680685,THRISSUR,KERALA,N
680669,THRISSUR,KERALA,N
680671,THRISSUR,KERALA,N
680665,THRISSUR,KERALA,N
680668,THRISSUR,KERALA,N
680686,THRISSUR,KERALA,N
680686,THRISSUR,KERALA,N
680733,THRISSUR,KERALA,N
680663,THRISSUR,KERALA,N
680663,THRISSUR,KERALA,N
680668,THRISSUR,KERALA,N
680124,THRISSUR,KERALA,N
680721,THRISSUR,KERALA,N
680302,THRISSUR,KERALA,N
680741,THRISSUR,KERALA,N
680683,THRISSUR,KERALA,N
680323,THRISSUR,KERALA,N
680731,THRISSUR,KERALA,N
680741,THRISSUR,KERALA,N
680309,THRISSUR,KERALA,N
680688,THRISSUR,KERALA,N
680731,THRISSUR,KERALA,N
680683,THRISSUR,KERALA,N
680724,THRISSUR,KERALA,N
680721,THRISSUR,KERALA,N
680721,THRISSUR,KERALA,N
680684,THRISSUR,KERALA,N
680312,THRISSUR,KERALA,N
680321,THRISSUR,KERALA,N
680304,THRISSUR,KERALA,N
680301,THRISSUR,KERALA,N
680699,THRISSUR,KERALA,N
680688,THRISSUR,KERALA,N
680122,THRISSUR,KERALA,N
680703,THRISSUR,KERALA,N
680734,THRISSUR,KERALA,N
680308,THRISSUR,KERALA,N
680312,THRISSUR,KERALA,N
680734,THRISSUR,KERALA,N
680125,THRISSUR,KERALA,N
680309,THRISSUR,KERALA,N
680683,THRISSUR,KERALA,N
680683,THRISSUR,KERALA,N
680317,THRISSUR,KERALA,N
680689,THRISSUR,KERALA,N
680721,THRISSUR,KERALA,N
680682,THRISSUR,KERALA,N
680711,THRISSUR,KERALA,N
680702,THRISSUR,KERALA,N
680123,THRISSUR,KERALA,N
680697,THRISSUR,KERALA,N
680711,THRISSUR,KERALA,N
680308,THRISSUR,KERALA,N
680702,THRISSUR,KERALA,N
680309,THRISSUR,KERALA,N
680702,THRISSUR,KERALA,N
680308,THRISSUR,KERALA,N
680684,THRISSUR,KERALA,N
680721,THRISSUR,KERALA,N
680682,THRISSUR,KERALA,N
680123,THRISSUR,KERALA,N
680721,THRISSUR,KERALA,N
680311,THRISSUR,KERALA,N
680308,THRISSUR,KERALA,N
680308,THRISSUR,KERALA,N
680732,THRISSUR,KERALA,N
680672,THRISSUR,KERALA,N
680734,THRISSUR,KERALA,N
680311,THRISSUR,KERALA,N
680735,THRISSUR,KERALA,N
680724,THRISSUR,KERALA,N
680724,THRISSUR,KERALA,N
680697,THRISSUR,KERALA,N
680734,THRISSUR,KERALA,N
680712,THRISSUR,KERALA,N
680732,THRISSUR,KERALA,N
680308,THRISSUR,KERALA,N
680684,THRISSUR,KERALA,N
680684,THRISSUR,KERALA,N
680684,THRISSUR,KERALA,N
680311,THRISSUR,KERALA,N
680711,THRISSUR,KERALA,N
680724,THRISSUR,KERALA,N
680312,THRISSUR,KERALA,N
680699,THRISSUR,KERALA,N
680316,THRISSUR,KERALA,N
680683,THRISSUR,KERALA,N
680317,THRISSUR,KERALA,N
680661,THRISSUR,KERALA,N
680308,THRISSUR,KERALA,N
680301,THRISSUR,KERALA,N
680305,THRISSUR,KERALA,N
680695,THRISSUR,KERALA,N
680699,THRISSUR,KERALA,N
680304,THRISSUR,KERALA,N
680741,THRISSUR,KERALA,N
680732,THRISSUR,KERALA,N
680310,THRISSUR,KERALA,N
680721,THRISSUR,KERALA,N
680301,THRISSUR,KERALA,N
680689,THRISSUR,KERALA,N
680702,THRISSUR,KERALA,N
680733,THRISSUR,KERALA,N
680741,THRISSUR,KERALA,N
680125,THRISSUR,KERALA,N
680721,THRISSUR,KERALA,N
680722,THRISSUR,KERALA,N
680301,THRISSUR,KERALA,N
680683,THRISSUR,KERALA,N
680682,THRISSUR,KERALA,N
680682,THRISSUR,KERALA,N
680682,THRISSUR,KERALA,N
680701,THRISSUR,KERALA,N
680697,THRISSUR,KERALA,N
680310,THRISSUR,KERALA,N
680662,THRISSUR,KERALA,N
680314,THRISSUR,KERALA,N
680732,THRISSUR,KERALA,N
680325,THRISSUR,KERALA,N
680303,THRISSUR,KERALA,N
680302,THRISSUR,KERALA,N
680697,THRISSUR,KERALA,N
680662,THRISSUR,KERALA,N
680701,THRISSUR,KERALA,N
680693,THRISSUR,KERALA,N
680303,THRISSUR,KERALA,N
680721,THRISSUR,KERALA,N
680722,THRISSUR,KERALA,N
680307,THRISSUR,KERALA,N
680121,THRISSUR,KERALA,N
680319,THRISSUR,KERALA,N
680503,THRISSUR,KERALA,N
680519,THRISSUR,KERALA,N
680603,THRISSUR,KERALA,N
679564,THRISSUR,KERALA,N
680523,THRISSUR,KERALA,N
680593,THRISSUR,KERALA,N
680102,THRISSUR,KERALA,N
680521,THRISSUR,KERALA,N
680592,THRISSUR,KERALA,N
680586,THRISSUR,KERALA,N
680587,THRISSUR,KERALA,N
680517,THRISSUR,KERALA,N
680501,THRISSUR,KERALA,N
679531,THRISSUR,KERALA,N
680604,THRISSUR,KERALA,N
680501,THRISSUR,KERALA,N
680600,THRISSUR,KERALA,N
680523,THRISSUR,KERALA,N
680502,THRISSUR,KERALA,N
680503,THRISSUR,KERALA,N
679532,THRISSUR,KERALA,N
680586,THRISSUR,KERALA,N
680589,THRISSUR,KERALA,N
680501,THRISSUR,KERALA,N
680584,THRISSUR,KERALA,N
680501,THRISSUR,KERALA,N
680583,THRISSUR,KERALA,N
680543,THRISSUR,KERALA,N
680590,THRISSUR,KERALA,N
680586,THRISSUR,KERALA,N
680587,THRISSUR,KERALA,N
680517,THRISSUR,KERALA,N
680594,THRISSUR,KERALA,N
680519,THRISSUR,KERALA,N
680589,THRISSUR,KERALA,N
680544,THRISSUR,KERALA,N
680028,THRISSUR,KERALA,N
680584,THRISSUR,KERALA,N
680501,THRISSUR,KERALA,N
680591,THRISSUR,KERALA,N
680601,THRISSUR,KERALA,N
680523,THRISSUR,KERALA,N
679106,THRISSUR,KERALA,N
680543,THRISSUR,KERALA,N
680584,THRISSUR,KERALA,N
680590,THRISSUR,KERALA,N
680585,THRISSUR,KERALA,N
680587,THRISSUR,KERALA,N
680590,THRISSUR,KERALA,N
680523,THRISSUR,KERALA,N
680503,THRISSUR,KERALA,N
680601,THRISSUR,KERALA,N
680586,THRISSUR,KERALA,N
680594,THRISSUR,KERALA,N
680584,THRISSUR,KERALA,N
680588,THRISSUR,KERALA,N
680588,THRISSUR,KERALA,N
680589,THRISSUR,KERALA,N
680542,THRISSUR,KERALA,N
680604,THRISSUR,KERALA,N
680602,THRISSUR,KERALA,N
679105,THRISSUR,KERALA,N
680583,THRISSUR,KERALA,N
680595,THRISSUR,KERALA,N
680623,THRISSUR,KERALA,N
680602,THRISSUR,KERALA,N
680584,THRISSUR,KERALA,N
679531,THRISSUR,KERALA,N
679531,THRISSUR,KERALA,N
679532,THRISSUR,KERALA,N
679532,THRISSUR,KERALA,N
680588,THRISSUR,KERALA,N
680597,THRISSUR,KERALA,N
680623,THRISSUR,KERALA,N
679531,THRISSUR,KERALA,N
680586,THRISSUR,KERALA,N
680623,THRISSUR,KERALA,N
680588,THRISSUR,KERALA,N
680542,THRISSUR,KERALA,N
680587,THRISSUR,KERALA,N
680544,THRISSUR,KERALA,N
680519,THRISSUR,KERALA,N
680542,THRISSUR,KERALA,N
680517,THRISSUR,KERALA,N
680542,THRISSUR,KERALA,N
680623,THRISSUR,KERALA,N
680585,THRISSUR,KERALA,N
680586,THRISSUR,KERALA,N
679106,THRISSUR,KERALA,N
680585,THRISSUR,KERALA,N
680501,THRISSUR,KERALA,N
679532,THRISSUR,KERALA,N
680584,THRISSUR,KERALA,N
680608,THRISSUR,KERALA,N
680584,THRISSUR,KERALA,N
680519,THRISSUR,KERALA,N
680588,THRISSUR,KERALA,N
680610,THRISSUR,KERALA,N
680586,THRISSUR,KERALA,N
680587,THRISSUR,KERALA,N
680602,THRISSUR,KERALA,N
680585,THRISSUR,KERALA,N
680589,THRISSUR,KERALA,N
680584,THRISSUR,KERALA,N
680601,THRISSUR,KERALA,N
680601,THRISSUR,KERALA,N
680601,THRISSUR,KERALA,N
680586,THRISSUR,KERALA,N
680587,THRISSUR,KERALA,N
679531,THRISSUR,KERALA,N
680623,THRISSUR,KERALA,N
680623,THRISSUR,KERALA,N
680582,THRISSUR,KERALA,N
680554,THRISSUR,KERALA,N
680641,THRISSUR,KERALA,N
680555,THRISSUR,KERALA,N
680563,THRISSUR,KERALA,N
680006,THRISSUR,KERALA,N
680549,THRISSUR,KERALA,N
680641,THRISSUR,KERALA,N
680618,THRISSUR,KERALA,N
680562,THRISSUR,KERALA,N
680620,THRISSUR,KERALA,N
680751,THRISSUR,KERALA,N
680771,THRISSUR,KERALA,N
680313,THRISSUR,KERALA,N
680547,THRISSUR,KERALA,N
680003,THRISSUR,KERALA,N
680003,THRISSUR,KERALA,N
680751,THRISSUR,KERALA,N
680571,THRISSUR,KERALA,N
680653,THRISSUR,KERALA,N
680573,THRISSUR,KERALA,N
680561,THRISSUR,KERALA,N
680008,THRISSUR,KERALA,N
680621,THRISSUR,KERALA,N
680551,THRISSUR,KERALA,N
680026,THRISSUR,KERALA,N
680541,THRISSUR,KERALA,N
680581,THRISSUR,KERALA,N
680027,THRISSUR,KERALA,N
680652,THRISSUR,KERALA,N
680552,THRISSUR,KERALA,N
680611,THRISSUR,KERALA,N
680751,THRISSUR,KERALA,N
680620,THRISSUR,KERALA,N
680564,THRISSUR,KERALA,N
680014,THRISSUR,KERALA,N
680546,THRISSUR,KERALA,N
680011,THRISSUR,KERALA,N
680613,THRISSUR,KERALA,N
680027,THRISSUR,KERALA,N
680612,THRISSUR,KERALA,N
680652,THRISSUR,KERALA,N
680656,THRISSUR,KERALA,N
680571,THRISSUR,KERALA,N
680574,THRISSUR,KERALA,N
680010,THRISSUR,KERALA,N
680306,THRISSUR,KERALA,N
680652,THRISSUR,KERALA,N
680752,THRISSUR,KERALA,N
680028,THRISSUR,KERALA,N
680006,THRISSUR,KERALA,N
680007,THRISSUR,KERALA,N
680028,THRISSUR,KERALA,N
680564,THRISSUR,KERALA,N
680014,THRISSUR,KERALA,N
680013,THRISSUR,KERALA,N
680651,THRISSUR,KERALA,N
680017,THRISSUR,KERALA,N
680617,THRISSUR,KERALA,N
680617,THRISSUR,KERALA,N
680014,THRISSUR,KERALA,N
680651,THRISSUR,KERALA,N
680306,THRISSUR,KERALA,N
680014,THRISSUR,KERALA,N
680581,THRISSUR,KERALA,N
680581,THRISSUR,KERALA,N
680751,THRISSUR,KERALA,N
680541,THRISSUR,KERALA,N
680751,THRISSUR,KERALA,N
680015,THRISSUR,KERALA,N
680006,THRISSUR,KERALA,N
680005,THRISSUR,KERALA,N
680657,THRISSUR,KERALA,N
680655,THRISSUR,KERALA,N
680306,THRISSUR,KERALA,N
680306,THRISSUR,KERALA,N
680322,THRISSUR,KERALA,N
680641,THRISSUR,KERALA,N
680027,THRISSUR,KERALA,N
680575,THRISSUR,KERALA,N
680552,THRISSUR,KERALA,N
680552,THRISSUR,KERALA,N
680652,THRISSUR,KERALA,N
680564,THRISSUR,KERALA,N
680564,THRISSUR,KERALA,N
680653,THRISSUR,KERALA,N
680545,THRISSUR,KERALA,N
680306,THRISSUR,KERALA,N
680581,THRISSUR,KERALA,N
680018,THRISSUR,KERALA,N
680565,THRISSUR,KERALA,N
680552,THRISSUR,KERALA,N
680306,THRISSUR,KERALA,N
680581,THRISSUR,KERALA,N
680561,THRISSUR,KERALA,N
680004,THRISSUR,KERALA,N
680652,THRISSUR,KERALA,N
680581,THRISSUR,KERALA,N
680012,THRISSUR,KERALA,N
680641,THRISSUR,KERALA,N
680002,THRISSUR,KERALA,N
680551,THRISSUR,KERALA,N
680642,THRISSUR,KERALA,N
680014,THRISSUR,KERALA,N
680553,THRISSUR,KERALA,N
680631,THRISSUR,KERALA,N
680306,THRISSUR,KERALA,N
680581,THRISSUR,KERALA,N
680022,THRISSUR,KERALA,N
680001,THRISSUR,KERALA,N
680020,THRISSUR,KERALA,N
680005,THRISSUR,KERALA,N
680009,THRISSUR,KERALA,N
680001,THRISSUR,KERALA,N
680021,THRISSUR,KERALA,N
680581,THRISSUR,KERALA,N
680552,THRISSUR,KERALA,N
680562,THRISSUR,KERALA,N
680570,THRISSUR,KERALA,N
680007,THRISSUR,KERALA,N
680562,THRISSUR,KERALA,N
680652,THRISSUR,KERALA,N
680596,THRISSUR,KERALA,N
680654,THRISSUR,KERALA,N
680016,THRISSUR,KERALA,N
680014,THRISSUR,KERALA,N
680010,THRISSUR,KERALA,N
680004,THRISSUR,KERALA,N
673581,WAYANAD,KERALA,N
670645,WAYANAD,KERALA,N
670644,WAYANAD,KERALA,N
670731,WAYANAD,KERALA,N
670646,WAYANAD,KERALA,N
670731,WAYANAD,KERALA,N
670644,WAYANAD,KERALA,N
670645,WAYANAD,KERALA,N
670645,WAYANAD,KERALA,N
670721,WAYANAD,KERALA,N
670646,WAYANAD,KERALA,N
670721,WAYANAD,KERALA,N
670721,WAYANAD,KERALA,N
670645,WAYANAD,KERALA,N
670645,WAYANAD,KERALA,N
670645,WAYANAD,KERALA,N
670644,WAYANAD,KERALA,N
670644,WAYANAD,KERALA,N
670645,WAYANAD,KERALA,N
670646,WAYANAD,KERALA,N
670731,WAYANAD,KERALA,N
670721,WAYANAD,KERALA,N
670645,WAYANAD,KERALA,N
670731,WAYANAD,KERALA,N
670731,WAYANAD,KERALA,N
670645,WAYANAD,KERALA,N
670731,WAYANAD,KERALA,N
670645,WAYANAD,KERALA,N
670731,WAYANAD,KERALA,N
670645,WAYANAD,KERALA,N
670721,WAYANAD,KERALA,N
670645,WAYANAD,KERALA,N
670721,WAYANAD,KERALA,N
670721,WAYANAD,KERALA,N
670646,WAYANAD,KERALA,N
670646,WAYANAD,KERALA,N
670644,WAYANAD,KERALA,N
670645,WAYANAD,KERALA,N
670644,WAYANAD,KERALA,N
670645,WAYANAD,KERALA,N
670645,WAYANAD,KERALA,N
670644,WAYANAD,KERALA,N
670644,WAYANAD,KERALA,N
670732,WAYANAD,KERALA,N
670731,WAYANAD,KERALA,N
670646,WAYANAD,KERALA,N
670646,WAYANAD,KERALA,N
670646,WAYANAD,KERALA,N
670645,WAYANAD,KERALA,N
670644,WAYANAD,KERALA,N
670731,WAYANAD,KERALA,N
670645,WAYANAD,KERALA,N
670644,WAYANAD,KERALA,N
673579,WAYANAD,KERALA,N
673596,WAYANAD,KERALA,N
673592,WAYANAD,KERALA,N
673579,WAYANAD,KERALA,N
673592,WAYANAD,KERALA,N
673593,WAYANAD,KERALA,N
673595,WAYANAD,KERALA,N
673579,WAYANAD,KERALA,N
673581,WAYANAD,KERALA,N
673596,WAYANAD,KERALA,N
673592,WAYANAD,KERALA,N
673577,WAYANAD,KERALA,N
673581,WAYANAD,KERALA,N
673122,WAYANAD,KERALA,N
673579,WAYANAD,KERALA,N
673593,WAYANAD,KERALA,N
673591,WAYANAD,KERALA,N
673593,WAYANAD,KERALA,N
673591,WAYANAD,KERALA,N
673591,WAYANAD,KERALA,N
673596,WAYANAD,KERALA,N
673592,WAYANAD,KERALA,N
673591,WAYANAD,KERALA,N
673596,WAYANAD,KERALA,N
673591,WAYANAD,KERALA,N
673591,WAYANAD,KERALA,N
673592,WAYANAD,KERALA,N
673579,WAYANAD,KERALA,N
673579,WAYANAD,KERALA,N
673592,WAYANAD,KERALA,N
673595,WAYANAD,KERALA,N
673592,WAYANAD,KERALA,N
673579,WAYANAD,KERALA,N
673577,WAYANAD,KERALA,N
673592,WAYANAD,KERALA,N
673591,WAYANAD,KERALA,N
673592,WAYANAD,KERALA,N
673593,WAYANAD,KERALA,N
673595,WAYANAD,KERALA,N
673593,WAYANAD,KERALA,N
673577,WAYANAD,KERALA,N
673592,WAYANAD,KERALA,N
673595,WAYANAD,KERALA,N
673592,WAYANAD,KERALA,N
673579,WAYANAD,KERALA,N
673579,WAYANAD,KERALA,N
673579,WAYANAD,KERALA,N
673592,WAYANAD,KERALA,N
673592,WAYANAD,KERALA,N
673579,WAYANAD,KERALA,N
673592,WAYANAD,KERALA,N
673596,WAYANAD,KERALA,N
673595,WAYANAD,KERALA,N
673577,WAYANAD,KERALA,N
673577,WAYANAD,KERALA,N
673579,WAYANAD,KERALA,N
673579,WAYANAD,KERALA,N
673596,WAYANAD,KERALA,N
673595,WAYANAD,KERALA,N
673592,WAYANAD,KERALA,N
673577,WAYANAD,KERALA,N
673592,WAYANAD,KERALA,N
673596,WAYANAD,KERALA,N
673592,WAYANAD,KERALA,N
673579,WAYANAD,KERALA,N
673579,WAYANAD,KERALA,N
673591,WAYANAD,KERALA,N
673577,WAYANAD,KERALA,N
673579,WAYANAD,KERALA,N
673592,WAYANAD,KERALA,N
673592,WAYANAD,KERALA,N
673578,WAYANAD,KERALA,N
673593,WAYANAD,KERALA,N
673575,WAYANAD,KERALA,N
673575,WAYANAD,KERALA,N
673575,WAYANAD,KERALA,N
673121,WAYANAD,KERALA,N
673123,WAYANAD,KERALA,N
673121,WAYANAD,KERALA,N
673122,WAYANAD,KERALA,N
673124,WAYANAD,KERALA,N
673121,WAYANAD,KERALA,N
673121,WAYANAD,KERALA,N
673121,WAYANAD,KERALA,N
673123,WAYANAD,KERALA,N
673576,WAYANAD,KERALA,N
673121,WAYANAD,KERALA,N
673121,WAYANAD,KERALA,N
673122,WAYANAD,KERALA,N
673122,WAYANAD,KERALA,N
673575,WAYANAD,KERALA,N
673122,WAYANAD,KERALA,N
673575,WAYANAD,KERALA,N
673121,WAYANAD,KERALA,N
673122,WAYANAD,KERALA,N
673121,WAYANAD,KERALA,N
673575,WAYANAD,KERALA,N
673121,WAYANAD,KERALA,N
673121,WAYANAD,KERALA,N
673576,WAYANAD,KERALA,N
673575,WAYANAD,KERALA,N
673589,WAYANAD,KERALA,N
673121,WAYANAD,KERALA,N
673121,WAYANAD,KERALA,N
673575,WAYANAD,KERALA,N
673122,WAYANAD,KERALA,N
673576,WAYANAD,KERALA,N
673121,WAYANAD,KERALA,N